"ACOC";"BIOAC";"HF";"HT";"H";"ACI";"AEI";"M";"ADI";"NP";"SM";"FILERANK";"5MNPERIOD";"FILE";"START"
0,760924444444444;12,1408804973825;0,938721066497984;0,924338576040361;0,867696093905836;10988,0102436926;0,664492;9,44006055975686e-13;2,25137;29;2;1;1;"SMJYB02_20220408_104421.wav";2022-04-08 11:09:21
1;28,4588046687589;0,981496967664933;0,95496203233624;0,937292338973161;8315,903580495;0,659931;1,76199674912265e-12;2,253304;13;2;1;2;"SMJYB02_20220408_104421.wav";2022-04-08 11:04:21
1;42,0442205533119;0,983080580874599;0,915897808954811;0,900401350049068;7877,12231672266;0,52024;1,79927543801758e-12;2,520242;0;2;1;3;"SMJYB02_20220408_104421.wav";2022-04-08 10:59:21
1;41,6990280660548;0,983084342020051;0,914676016186436;0,899203669534164;7882,82595458968;0,51741;1,79904218629776e-12;2,526588;0;2;1;4;"SMJYB02_20220408_104421.wav";2022-04-08 10:54:21
1;41,9436602616037;0,982745679415194;0,916571656645352;0,900756835442646;7884,60491821586;0,658414;1,78648958079291e-12;2,229802;0;2;1;5;"SMJYB02_20220408_104421.wav";2022-04-08 10:49:21
1;41,5698660108398;0,983087213635053;0,913602409984236;0,898150847601671;7865,76818041874;0,506136;1,7999491421906e-12;2,549952;0;2;2;1;"SMJYB02_20220408_111402.wav";2022-04-08 11:39:02
1;42,2236332955192;0,983012025851342;0,914313361260185;0,898781029515324;7869,37425047465;0,56631;1,7995199733886e-12;2,421045;0;2;2;2;"SMJYB02_20220408_111402.wav";2022-04-08 11:34:02
1;42,9900508960307;0,982897103132521;0,915205977709256;0,899553304259994;7903,16661278826;0,579205;1,79333868892438e-12;2,397994;0;2;2;3;"SMJYB02_20220408_111402.wav";2022-04-08 11:29:02
1;41,8461607128371;0,983083381377764;0,914373849134129;0,898905735450181;7872,29600115589;0,500349;1,79794016892965e-12;2,564034;1;2;2;4;"SMJYB02_20220408_111402.wav";2022-04-08 11:24:02
1;41,7601524693887;0,982877266300983;0,914177772052661;0,898524549508242;7882,4866636439;0,618478;1,79337514384279e-12;2,312387;1;2;2;5;"SMJYB02_20220408_111402.wav";2022-04-08 11:19:02
1;42,1000484750693;0,983070645554182;0,913831611662383;0,898361032404758;7879,21051332318;0,54225;1,79831940911572e-12;2,470648;2;2;3;1;"SMJYB02_20220408_114402.wav";2022-04-08 12:09:02
1;41,7617434414308;0,983052211803846;0,914465523542557;0,898967355536872;7871,62334914042;0,559364;1,79858192641781e-12;2,433973;1;2;3;2;"SMJYB02_20220408_114402.wav";2022-04-08 12:04:02
1;42,8540872301259;0,983022674758356;0,918749800878965;0,903151886693748;7900,8863783623;0,550909;1,79628950669975e-12;2,454755;2;2;3;3;"SMJYB02_20220408_114402.wav";2022-04-08 11:59:02
1;42,1233715277174;0,983068186783636;0,914856997057339;0,89936680926348;7879,60672628923;0,519265;1,79595635444555e-12;2,522526;0;2;3;4;"SMJYB02_20220408_114402.wav";2022-04-08 11:54:02
1;42,0054710472123;0,983080066839597;0,913920123386128;0,898456655984487;7877,2891789441;0,507797;1,7999240554559e-12;2,54614;1;2;3;5;"SMJYB02_20220408_114402.wav";2022-04-08 11:49:02
1;43,7366180928453;0,982610204355969;0,916178762234421;0,900246600785763;7915,21045167864;0,613468;1,78425581970912e-12;2,332172;1;2;4;1;"SMJYB02_20220408_121402.wav";2022-04-08 12:39:02
1;42,7271817327536;0,982993412680433;0,913971301775008;0,898427769023793;7885,8128906884;0,584597;1,79804415755729e-12;2,386359;1;2;4;2;"SMJYB02_20220408_121402.wav";2022-04-08 12:34:02
1;41,7058076232675;0,982892618714797;0,913242495369434;0,897619307795299;7871,77980256808;0,624551;1,79426911991204e-12;2,297873;0;2;4;3;"SMJYB02_20220408_121402.wav";2022-04-08 12:29:02
1;41,5976343076838;0,9830853792821;0,913931772042181;0,898472962756049;7870,97942862039;0,504807;1,79806540295424e-12;2,553119;0;2;4;4;"SMJYB02_20220408_121402.wav";2022-04-08 12:24:02
1;42,0108420742893;0,982985951502221;0,913840823320481;0,898292691233256;7874,92528104561;0,563077;1,79510092993848e-12;2,427021;1;2;4;5;"SMJYB02_20220408_121402.wav";2022-04-08 12:19:02
1;41,9124971803845;0,983079953444456;0,914385131307126;0,898913692315711;7865,55986685238;0,537224;1,79991005014206e-12;2,480719;0;2;5;1;"SMJYB02_20220408_124402.wav";2022-04-08 13:09:02
1;41,7200785716923;0,983081833675259;0,913805917225208;0,898345996729059;7861,21242121838;0,503593;1,79997240559066e-12;2,556039;0;2;5;2;"SMJYB02_20220408_124402.wav";2022-04-08 13:04:02
1;41,5734066770164;0,983080984278526;0,913802943277879;0,898342296914231;7871,20613294624;0,505942;1,7987884575149e-12;2,551615;0;2;5;3;"SMJYB02_20220408_124402.wav";2022-04-08 12:59:02
1;41,7354616241523;0,983069243934288;0,913710524026578;0,89824071402961;7873,40080488438;0,5784;1,79854441707071e-12;2,393472;0;2;5;4;"SMJYB02_20220408_124402.wav";2022-04-08 12:54:02
1;41,3882967780656;0,98307557253022;0,912948085711562;0,897496962051263;7864,56640740374;0,6014;1,79984129861738e-12;2,344882;0;2;5;5;"SMJYB02_20220408_124402.wav";2022-04-08 12:49:02
1;41,5820864937841;0,983080577234161;0,913143964138713;0,897694095363377;7868,25830611165;0,524862;1,79806548765476e-12;2,508031;0;2;6;1;"SMJYB02_20220408_131402.wav";2022-04-08 13:39:02
1;41,7728271730185;0,983084670250905;0,914033750940917;0,89857256864195;7865,98287907907;0,497677;1,80014660281489e-12;2,569333;0;2;6;2;"SMJYB02_20220408_131402.wav";2022-04-08 13:34:02
1;41,56758363913;0,983095423038488;0,913380692856306;0,897940378638757;7865,10082549087;0,502293;1,79931994819902e-12;2,558941;0;2;6;3;"SMJYB02_20220408_131402.wav";2022-04-08 13:29:02
1;42,0207148552098;0,98295082819823;0,912988594548102;0,897422895146595;7875,54321713928;0,592132;1,79460131901889e-12;2,366065;0;2;6;4;"SMJYB02_20220408_131402.wav";2022-04-08 13:24:02
1;41,7919344014201;0,9830309289847;0,913569079853536;0,898066661260119;7872,70400941261;0,595337;1,7957349007359e-12;2,358084;0;2;6;5;"SMJYB02_20220408_131402.wav";2022-04-08 13:19:02
1;42,3611367832074;0,982982053071292;0,914724876616019;0,899158137211398;7886,52511324237;0,538882;1,79686540801219e-12;2,479595;0;2;7;1;"SMJYB02_20220408_134402.wav";2022-04-08 14:09:02
1;42,076960640202;0,982927556708035;0,913585710439316;0,897988570205491;7869,66464524264;0,600539;1,79469372028406e-12;2,348365;0;2;7;2;"SMJYB02_20220408_134402.wav";2022-04-08 14:04:02
1;42,0441602738978;0,983043607530463;0,913667488125629;0,898174983610316;7871,76385634163;0,557523;1,79806676758567e-12;2,437764;0;2;7;3;"SMJYB02_20220408_134402.wav";2022-04-08 13:59:02
1;41,7153423306468;0,983062981662503;0,91348845572002;0,898016684994399;7867,31051802601;0,560191;1,79804535454622e-12;2,431369;0;2;7;4;"SMJYB02_20220408_134402.wav";2022-04-08 13:54:02
1;41,8487222264572;0,982954341450897;0,913964732184291;0,898385601433555;7876,62971690879;0,594612;1,79517312674218e-12;2,35945;0;2;7;5;"SMJYB02_20220408_134402.wav";2022-04-08 13:49:02
1;42,3328835641921;0,983027067193601;0,915053266015623;0,899522128417264;7885,50176684031;0,557665;1,79870530939912e-12;2,440083;0;2;8;1;"SMJYB02_20220408_141402.wav";2022-04-08 14:39:02
1;42,0300084965452;0,983076332184192;0,91334598184635;0,89788881784868;7871,7048701644;0,537905;1,80054511728453e-12;2,479702;0;2;8;2;"SMJYB02_20220408_141402.wav";2022-04-08 14:34:02
1;41,8208129776137;0,983076333111551;0,914240882488277;0,898768574337243;7870,00197960845;0,498355;1,79730829524591e-12;2,568632;0;2;8;3;"SMJYB02_20220408_141402.wav";2022-04-08 14:29:02
1;42,0615789783529;0,983047051941107;0,914179323105612;0,898681288524489;7875,70358056583;0,527509;1,79654012634399e-12;2,502425;0;2;8;4;"SMJYB02_20220408_141402.wav";2022-04-08 14:24:02
1;41,8943998842844;0,983089989782646;0,914287875696513;0,898827258376882;7865,03767750714;0,498758;1,79828277326726e-12;2,566945;0;2;8;5;"SMJYB02_20220408_141402.wav";2022-04-08 14:19:02
1;41,8208437099035;0,983101345901675;0,913969214181027;0,898524364574064;7868,24950241346;0,549461;1,80247227059318e-12;2,45442;0;2;9;1;"SMJYB02_20220408_144402.wav";2022-04-08 15:09:02
1;41,7745056145171;0,983076574440536;0,913534606469317;0,898074471560739;7864,62666885914;0,499511;1,79966335608362e-12;2,565214;0;2;9;2;"SMJYB02_20220408_144402.wav";2022-04-08 15:04:02
1;41,8517832305131;0,983025531480846;0,914030343767992;0,89851516447215;7868,9427600318;0,570132;1,79765589328937e-12;2,410566;0;2;9;3;"SMJYB02_20220408_144402.wav";2022-04-08 14:59:02
1;41,9144749912929;0,983055367218104;0,914047530425404;0,898559330677147;7868,27555392687;0,561901;1,79681845573178e-12;2,428013;0;2;9;4;"SMJYB02_20220408_144402.wav";2022-04-08 14:54:02
1;41,8566255153655;0,983071953392965;0,913554904419367;0,89809020441927;7868,56077078896;0,523116;1,79700717133832e-12;2,512308;0;2;9;5;"SMJYB02_20220408_144402.wav";2022-04-08 14:49:02
1;42,2334878744957;0,983038893376995;0,914571965506074;0,899059812884715;7874,62302265251;0,585298;1,79614182343415e-12;2,379452;0;2;10;1;"SMJYB02_20220408_151402.wav";2022-04-08 15:39:02
1;42,7127955792448;0,983019624143313;0,914730378022889;0,89919791239653;7878,39635813477;0,583033;1,79931261041513e-12;2,385733;1;2;10;2;"SMJYB02_20220408_151402.wav";2022-04-08 15:34:02
1;42,476086836384;0,983063696298901;0,914977757690413;0,899481416506417;7871,22954664456;0,53341;1,80000947417099e-12;2,489576;1;2;10;3;"SMJYB02_20220408_151402.wav";2022-04-08 15:29:02
1;42,4046173620851;0,983086227992035;0,9144491827318;0,898982397742204;7871,63284046449;0,533566;1,79992840187355e-12;2,489174;1;2;10;4;"SMJYB02_20220408_151402.wav";2022-04-08 15:24:02
1;42,3486353871107;0,982987233820448;0,915112533728062;0,899543938163769;7879,23769493657;0,5699;1,79682202688272e-12;2,412011;1;2;10;5;"SMJYB02_20220408_151402.wav";2022-04-08 15:19:02
1;42,25091569093;0,983064651087999;0,914414770388248;0,898928837201436;7867,67118906398;0,501644;1,79852048918367e-12;2,560743;1;2;11;1;"SMJYB02_20220408_154402.wav";2022-04-08 16:09:02
1;42,2683598662061;0,98301094256065;0,914015384548908;0,898487124680357;7885,36142876632;0,593461;1,79953480572136e-12;2,361626;1;2;11;2;"SMJYB02_20220408_154402.wav";2022-04-08 16:04:02
1;42,5237044879033;0,983010634956896;0,914122987197307;0,898592618073519;7873,67893085739;0,566047;1,79848683273401e-12;2,42027;1;2;11;3;"SMJYB02_20220408_154402.wav";2022-04-08 15:59:02
1;42,4260888245578;0,982974009919214;0,914815192249712;0,899239557860716;7879,9977799957;0,599748;1,79651606330307e-12;2,348257;1;2;11;4;"SMJYB02_20220408_154402.wav";2022-04-08 15:54:02
1;42,1840453749315;0,983060873416543;0,914104610512064;0,898620476804078;7866,59898217107;0,543974;1,7972825917697e-12;2,466398;1;2;11;5;"SMJYB02_20220408_154402.wav";2022-04-08 15:49:02
1;42,49552616118;0,983021365696951;0,914801765529444;0,899269680892736;7878,02164586757;0,583201;1,79746683011771e-12;2,383752;1;2;12;1;"SMJYB02_20220408_161402.wav";2022-04-08 16:39:02
1;42,4605808564256;0,983070908383253;0,914536695752832;0,899054420243555;7875,57757636648;0,519625;1,80035750515462e-12;2,520343;1;2;12;2;"SMJYB02_20220408_161402.wav";2022-04-08 16:34:02
1;42,4866774371919;0,983085167908088;0,914313747202026;0,898848283688778;7869,71047631538;0,542203;1,80185565166798e-12;2,470281;1;2;12;3;"SMJYB02_20220408_161402.wav";2022-04-08 16:29:02
1;42,4541910636929;0,983090591172526;0,915030073590357;0,899557455986583;7866,04864957424;0,545821;1,79918918682519e-12;2,462412;1;2;12;4;"SMJYB02_20220408_161402.wav";2022-04-08 16:24:02
1;42,3528158149327;0,983076097389551;0,915373800995164;0,899882103934966;7872,18043951357;0,498652;1,79852471402552e-12;2,567589;1;2;12;5;"SMJYB02_20220408_161402.wav";2022-04-08 16:19:02
1;42,0919092369353;0,983091860893246;0,914202425404753;0,898744963624278;7863,05720347627;0,496259;1,80198322049671e-12;2,572669;1;2;13;1;"SMJYB02_20220408_164402.wav";2022-04-08 17:09:02
1;42,3462300211159;0,98304064300947;0,914726845335486;0,89921366621662;7871,22416061191;0,531029;1,79806653615673e-12;2,495845;1;2;13;2;"SMJYB02_20220408_164402.wav";2022-04-08 17:04:02
1;42,2515873911373;0,983094142831352;0,914376726732025;0,898918404391557;7875,53779312808;0,498002;1,80170859423643e-12;2,570254;1;2;13;3;"SMJYB02_20220408_164402.wav";2022-04-08 16:59:02
1;42,3181985792863;0,983027822781875;0,91387151509646;0,898361125787647;7873,74272654034;0,55025;1,7982086468119e-12;2,453146;1;2;13;4;"SMJYB02_20220408_164402.wav";2022-04-08 16:54:02
1;42,2058659631837;0,983060055693112;0,914166278229754;0,898680352389307;7870,08959104648;0,565147;1,79823202434277e-12;2,421028;1;2;13;5;"SMJYB02_20220408_164402.wav";2022-04-08 16:49:02
1;42,488997538819;0,983052016586148;0,914530958693256;0,899031503173869;7875,44139538931;0,639827;1,80025969077325e-12;2,259573;1;2;14;1;"SMJYB02_20220408_171402.wav";2022-04-08 17:39:02
1;42,4491073004766;0,983078352990592;0,914076712092782;0,898609028631228;7864,61450034509;0,50285;1,80142488444513e-12;2,558394;0;2;14;2;"SMJYB02_20220408_171402.wav";2022-04-08 17:34:02
1;42,4249890661906;0,982975402532367;0,914425590919238;0,898857863319736;7874,40781566793;0,588954;1,79750999834103e-12;2,370833;0;2;14;3;"SMJYB02_20220408_171402.wav";2022-04-08 17:29:02
1;42,4001093534354;0,98295862580939;0,914106964519212;0,898529325686597;7867,86927058285;0,589465;1,79400334671179e-12;2,369471;1;2;14;4;"SMJYB02_20220408_171402.wav";2022-04-08 17:24:02
1;42,5986338082292;0,982971673704578;0,914221802082033;0,898654134929792;7871,22132332253;0,565594;1,79638485350776e-12;2,419957;1;2;14;5;"SMJYB02_20220408_171402.wav";2022-04-08 17:19:02
1;42,353519842949;0,983081042998475;0,914420615333043;0,898949572260915;7865,6848809102;0,504013;1,80033028726861e-12;2,556294;1;2;15;1;"SMJYB02_20220408_174402.wav";2022-04-08 18:09:02
1;42,6045924732847;0,983032120609657;0,914163054018545;0,898651645574851;7879,23477437423;0,532537;1,7975691522091e-12;2,491953;1;2;15;2;"SMJYB02_20220408_174402.wav";2022-04-08 18:04:02
1;42,535713246189;0,983076898161296;0,914399748315789;0,898925268253755;7877,76100209591;0,521146;1,79908083895659e-12;2,517459;1;2;15;3;"SMJYB02_20220408_174402.wav";2022-04-08 17:59:02
1;42,4823752822369;0,983071998236628;0,91418612030081;0,898710776044308;7872,26826072032;0,555535;1,80036243237717e-12;2,44128;1;2;15;4;"SMJYB02_20220408_174402.wav";2022-04-08 17:54:02
1;42,3551718858171;0,983071322297197;0,913776136381406;0,898307114676092;7871,5985170696;0,553355;1,79833866176012e-12;2,446022;1;2;15;5;"SMJYB02_20220408_174402.wav";2022-04-08 17:49:02
1;42,4497730679857;0,98302605602322;0,913261508825075;0,897759859138128;7876,96040012193;0,549242;1,79992058434451e-12;2,455229;1;2;16;1;"SMJYB02_20220408_181402.wav";2022-04-08 18:39:02
1;42,5918222227261;0,983063624467314;0,913707317444218;0,89823242718902;7875,97447132035;0,563712;1,8011667751747e-12;2,423893;1;2;16;2;"SMJYB02_20220408_181402.wav";2022-04-08 18:34:02
1;42,5075307209158;0,983054181504104;0,913065988254274;0,897593337742541;7878,2604762914;0,567217;1,80305454112788e-12;2,416454;2;2;16;3;"SMJYB02_20220408_181402.wav";2022-04-08 18:29:02
1;42,4656748007408;0,983058372855735;0,913222357963779;0,897750885275351;7873,78715501618;0,550578;1,80233748908283e-12;2,453353;2;2;16;4;"SMJYB02_20220408_181402.wav";2022-04-08 18:24:02
1;42,5325345226555;0,983068708609595;0,913167455391621;0,897706351116151;7875,33857746578;0,505854;1,80268236607017e-12;2,557613;1;2;16;5;"SMJYB02_20220408_181402.wav";2022-04-08 18:19:02
1;42,5332424302733;0,983040239461579;0,913598457201023;0,898104046138623;7878,95930830098;0,554016;1,80269969401763e-12;2,445475;1;2;17;1;"SMJYB02_20220408_184402.wav";2022-04-08 19:09:02
1;42,3458604237204;0,983060904245222;0,912894250316498;0,8974306471964;7869,69581177575;0,566319;1,80438966168244e-12;2,418382;1;2;17;2;"SMJYB02_20220408_184402.wav";2022-04-08 19:04:02
1;42,4089898051854;0,983063376501835;0,912929917908415;0,897467967608589;7876,33596825359;0,558185;1,80387698301865e-12;2,436059;1;2;17;3;"SMJYB02_20220408_184402.wav";2022-04-08 18:59:02
1;42,5420472866742;0,983055064609282;0,913838700651307;0,898353762911233;7871,79674941468;0,545846;1,80310589406564e-12;2,464099;2;2;17;4;"SMJYB02_20220408_184402.wav";2022-04-08 18:54:02
1;42,3902850644249;0,983081158170732;0,912901433783196;0,897456198819306;7876,86216420514;0,520189;1,8023516175129e-12;2,523184;2;2;17;5;"SMJYB02_20220408_184402.wav";2022-04-08 18:49:02
1;42,4129826216399;0,983063039948808;0,913178572459935;0,897712103458576;7872,96917694331;0,534484;1,8008232749759e-12;2,489016;1;2;18;1;"SMJYB02_20220408_191402.wav";2022-04-08 19:39:02
1;42,3156540519174;0,983061284216017;0,91269260477644;0,897232764145989;7872,18226872142;0,521906;1,80195692753162e-12;2,519379;1;2;18;2;"SMJYB02_20220408_191402.wav";2022-04-08 19:34:02
1;42,4156032024859;0,98305916453477;0,913042801972732;0,897575094091799;7877,38738954831;0,541779;1,80074111974774e-12;2,473648;1;2;18;3;"SMJYB02_20220408_191402.wav";2022-04-08 19:29:02
1;42,3052971144253;0,983050995519086;0,912822963446309;0,897351522948576;7875,54453354194;0,550482;1,79960597886261e-12;2,452279;1;2;18;4;"SMJYB02_20220408_191402.wav";2022-04-08 19:24:02
1;42,2629254858869;0,983043907584069;0,912450154247609;0,896978565107256;7871,74791435713;0,572575;1,80058574717232e-12;2,404204;1;2;18;5;"SMJYB02_20220408_191402.wav";2022-04-08 19:19:02
1;42,3324582458757;0,983023402607855;0,912797010884253;0,897300823529718;7873,74498016967;0,55916;1,80125062714022e-12;2,433894;1;2;19;1;"SMJYB02_20220408_194402.wav";2022-04-08 20:09:02
1;42,2116689841748;0,983068752319883;0,912538274609849;0,897087863064843;7869,13332784322;0,510117;1,80279449862318e-12;2,544614;1;2;19;2;"SMJYB02_20220408_194402.wav";2022-04-08 20:04:02
1;42,3645287625213;0,983041690612862;0,913157349147171;0,897671744301194;7878,97148207519;0,554094;1,80000496226197e-12;2,444945;1;2;19;3;"SMJYB02_20220408_194402.wav";2022-04-08 19:59:02
1;42,2064393310408;0,983073941158217;0,912308029979437;0,896866250582174;7864,28487184629;0,510907;1,8027125831125e-12;2,542895;1;2;19;4;"SMJYB02_20220408_194402.wav";2022-04-08 19:54:02
1;42,3440661609485;0,983079721924634;0,913051538355261;0,897602452429149;7872,94246136467;0,543403;1,80054233482918e-12;2,468805;1;2;19;5;"SMJYB02_20220408_194402.wav";2022-04-08 19:49:02
1;42,2813211590756;0,98306798173168;0,912801533322039;0,89734596108448;7877,01007952023;0,500655;1,80102460478139e-12;2,566266;1;2;20;1;"SMJYB02_20220408_201402.wav";2022-04-08 20:39:02
1;42,2828942374333;0,983068359034541;0,912899575280582;0,897442687434412;7859,87831054696;0,493742;1,80270277100594e-12;2,581251;1;2;20;2;"SMJYB02_20220408_201402.wav";2022-04-08 20:34:02
1;42,2337240745056;0,98307611013627;0,912613184693552;0,897168219667611;7871,39661753217;0,532936;1,80186424339675e-12;2,492378;1;2;20;3;"SMJYB02_20220408_201402.wav";2022-04-08 20:29:02
1;42,2532384354541;0,983082024365282;0,912849051731782;0,897405493716408;7870,01286382514;0,502373;1,80376301030853e-12;2,561736;1;2;20;4;"SMJYB02_20220408_201402.wav";2022-04-08 20:24:02
1;42,2926667279302;0,983076450014578;0,913372749547081;0,897915240164799;7872,14821394974;0,522375;1,79955210641358e-12;2,515983;1;2;20;5;"SMJYB02_20220408_201402.wav";2022-04-08 20:19:02
1;42,1370174214045;0,983087179267282;0,912709406976177;0,897272916394923;7877,28758452254;0,502758;1,80049014830436e-12;2,560132;1;2;21;1;"SMJYB02_20220408_204402.wav";2022-04-08 21:09:02
1;42,2305710358575;0,983059221629755;0,91259744165374;0,897137330653431;7871,9490191001;0,51841;1,80180657764466e-12;2,524786;1;2;21;2;"SMJYB02_20220408_204402.wav";2022-04-08 21:04:02
1;42,3022164732358;0,98307360261813;0,912867372887124;0,897415816976693;7865,99048330006;0,530037;1,79937849992709e-12;2,49782;1;2;21;3;"SMJYB02_20220408_204402.wav";2022-04-08 20:59:02
1;42,4808289828317;0,983074000872901;0,91366685681729;0,898202132396342;7870,98778171155;0,493958;1,79898877304262e-12;2,580642;1;2;21;4;"SMJYB02_20220408_204402.wav";2022-04-08 20:54:02
1;42,3726930170956;0,983074025318467;0,913087750624521;0,897632850475432;7864,15719692895;0,530808;1,80041972676655e-12;2,496469;1;2;21;5;"SMJYB02_20220408_204402.wav";2022-04-08 20:49:02
1;42,3732781638599;0,983076028850849;0,912991062627757;0,897539628224413;7866,38160078202;0,52755;1,80250716708285e-12;2,504045;1;2;22;1;"SMJYB02_20220408_211402.wav";2022-04-08 21:39:02
1;42,3188659289221;0,983080643742364;0,912822789135831;0,897378415166354;7867,58866327464;0,513454;1,80289153848812e-12;2,536267;1;2;22;2;"SMJYB02_20220408_211402.wav";2022-04-08 21:34:02
1;42,3480143411559;0,983058631334225;0,91279108073619;0,897327150522607;7867,19909760811;0,553928;1,8019492187278e-12;2,44502;1;2;22;3;"SMJYB02_20220408_211402.wav";2022-04-08 21:29:02
1;42,4065106054886;0,983050610917686;0,913246784813732;0,897767809729751;7868,31264319503;0,564634;1,8012838025819e-12;2,421707;1;2;22;4;"SMJYB02_20220408_211402.wav";2022-04-08 21:24:02
1;42,3959010647425;0,983020815053824;0,913459252328784;0,897949458742698;7873,20079405558;0,581771;1,79755859304243e-12;2,384863;1;2;22;5;"SMJYB02_20220408_211402.wav";2022-04-08 21:19:02
1;42,333411122041;0,983045540838004;0,913403242390283;0,897916984418742;7865,44091844628;0,547581;1,80053631328384e-12;2,458935;1;2;23;1;"SMJYB02_20220408_214402.wav";2022-04-08 22:09:02
1;42,253943055011;0,983067275976501;0,913447322258992;0,897980170841177;7865,23499793781;0,501012;1,80183474698945e-12;2,56428;1;2;23;2;"SMJYB02_20220408_214402.wav";2022-04-08 22:04:02
1;42,235172112671;0,98309456668015;0,913368853003016;0,897927956762145;7863,24144303386;0,493497;1,80330308000063e-12;2,58174;1;2;23;3;"SMJYB02_20220408_214402.wav";2022-04-08 21:59:02
1;42,1279293145375;0,983070935191378;0,912680013420377;0,897229194323649;7860,47961975274;0,499864;1,80067378356134e-12;2,566935;1;2;23;4;"SMJYB02_20220408_214402.wav";2022-04-08 21:54:02
1;42,1078078138106;0,983068740791389;0,912784507720177;0,897329916618363;7868,65883420843;0,500819;1,79872998625819e-12;2,564683;1;2;23;5;"SMJYB02_20220408_214402.wav";2022-04-08 21:49:02
1;24,3356164484702;0,981420076460872;0,8908927510052;0,874340031809961;8400,75007464556;0,534718;1,7512841570005e-12;2,531284;1;2;24;1;"SMJYB02_20220408_221402.wav";2022-04-08 22:39:02
1;33,2968350304805;0,980991433801532;0,919898149454308;0,902412204584557;9074,82641196433;0,513244;1,74631822088187e-12;2,573345;1;2;24;2;"SMJYB02_20220408_221402.wav";2022-04-08 22:34:02
1;29,4193200318489;0,982321604515502;0,91705923026034;0,900847094505088;8553,8950925574;0,536249;1,78346399011536e-12;2,510142;1;2;24;3;"SMJYB02_20220408_221402.wav";2022-04-08 22:29:02
1;35,6157128888091;0,982619621255094;0,917179598249954;0,901238669455269;8263,17965596923;0,574068;1,79010480531756e-12;2,417441;1;2;24;4;"SMJYB02_20220408_221402.wav";2022-04-08 22:24:02
1;35,1218670612211;0,98254653649104;0,935756352629567;0,919424163275669;8433,99983780213;0,521801;1,79052505270423e-12;2,541613;1;2;24;5;"SMJYB02_20220408_221402.wav";2022-04-08 22:19:02
1;43,3655073342978;0,982924742750631;0,916698427877466;0,901045566401366;7982,91040223965;0,568485;1,79733510961121e-12;2,41998;1;2;25;1;"SMJYB02_20220408_224402.wav";2022-04-08 23:09:02
1;43,7139359000648;0,98287824004802;0,918646290544835;0,90291744927735;8024,80566145859;0,552494;1,79531039240553e-12;2,457036;1;2;25;2;"SMJYB02_20220408_224402.wav";2022-04-08 23:04:02
1;43,0144175526108;0,982995098558329;0,916132533776657;0,900553790332276;7928,62051747331;0,539113;1,79871368556989e-12;2,483657;1;2;25;3;"SMJYB02_20220408_224402.wav";2022-04-08 22:59:02
1;46,9613132685299;0,983004423498139;0,95025112841526;0,934101062666299;7966,85170106718;0,54125;1,80126203263378e-12;2,479284;2;2;25;4;"SMJYB02_20220408_224402.wav";2022-04-08 22:54:02
1;42,6840483147301;0,98303752765587;0,914771832427315;0,899255040518578;7894,81988003414;0,516692;1,79914475829231e-12;2,532902;1;2;25;5;"SMJYB02_20220408_224402.wav";2022-04-08 22:49:02
1;42,6448429111053;0,983039980421745;0,914668653842582;0,899155855565796;7892,12987872833;0,533109;1,799565182104e-12;2,494092;1;2;26;1;"SMJYB02_20220408_231402.wav";2022-04-08 23:39:02
1;42,6330841036574;0,983046632081613;0,914552810119872;0,899048059849115;7908,88419304834;0,528756;1,79953610366528e-12;2,505723;1;2;26;2;"SMJYB02_20220408_231402.wav";2022-04-08 23:34:02
1;42,6100892795807;0,983060290510798;0,914129372318263;0,898644286315645;7873,90715021286;0,517997;1,79996889250768e-12;2,528497;1;2;26;3;"SMJYB02_20220408_231402.wav";2022-04-08 23:29:02
1;42,4338429497748;0,983040243063841;0,913560074861324;0,898066318045097;7872,60167880799;0,557766;1,8001670117496e-12;2,437557;1;2;26;4;"SMJYB02_20220408_231402.wav";2022-04-08 23:24:02
1;42,4792890803888;0,983071214999137;0,913506055214096;0,898041507608389;7876,77732427784;0,541246;1,80201750592932e-12;2,475094;1;2;26;5;"SMJYB02_20220408_231402.wav";2022-04-08 23:19:02
1;42,380021376192;0,983051844384432;0,913024725790095;0,897550640656544;7872,33914251157;0,529345;1,79938928283266e-12;2,501857;1;2;27;1;"SMJYB02_20220408_234402.wav";2022-04-09 00:09:02
1;42,3701657178207;0,983071619663479;0,913132099702994;0,897674252221736;7875,5421321062;0,499927;1,80187205945992e-12;2,567669;1;2;27;2;"SMJYB02_20220408_234402.wav";2022-04-09 00:04:02
1;42,4206398424303;0,983046438436968;0,913328187860099;0,897844022199961;7869,28538597953;0,496089;1,80031839390229e-12;2,575849;1;2;27;3;"SMJYB02_20220408_234402.wav";2022-04-08 23:59:02
1;42,33184783628;0,983064170168032;0,912868616847458;0,897408429293585;7865,58433919321;0,494769;1,80200391517073e-12;2,578286;1;2;27;4;"SMJYB02_20220408_234402.wav";2022-04-08 23:54:02
1;42,2711001579279;0,983053127294346;0,912677757046252;0,897210723276307;7863,60960506973;0,497909;1,80169968150756e-12;2,571155;1;2;27;5;"SMJYB02_20220408_234402.wav";2022-04-08 23:49:02
1;42,3206071016986;0,98306308572947;0,91292926676813;0,897467062041821;7876,59587818071;0,542279;1,79974587629693e-12;2,471988;1;2;28;1;"SMJYB02_20220409_001402.wav";2022-04-09 00:39:02
1;42,3524687031464;0,983007665812921;0,913005307811448;0,897491216506539;7875,74098691292;0,591333;1,79976757675538e-12;2,364423;1;2;28;2;"SMJYB02_20220409_001402.wav";2022-04-09 00:34:02
1;42,3579920545711;0,983050569003545;0,912922266550657;0,89744875358863;7874,98864652876;0,552992;1,80073105260758e-12;2,447962;1;2;28;3;"SMJYB02_20220409_001402.wav";2022-04-09 00:29:02
1;42,3324970464191;0,983068874922665;0,913034175593319;0,897575479766467;7867,76030092398;0,501115;1,79951962077769e-12;2,564317;1;2;28;4;"SMJYB02_20220409_001402.wav";2022-04-09 00:24:02
1;42,3434262907596;0,983054701433733;0,913016168204354;0,897544836638302;7867,44813888486;0,531967;1,80245137062259e-12;2,494786;1;2;28;5;"SMJYB02_20220409_001402.wav";2022-04-09 00:19:02
1;42,3018550507297;0,983072021330748;0,912925903044073;0,897471912830736;7863,42895730735;0,508191;1,8008935601327e-12;2,548714;1;2;29;1;"SMJYB02_20220409_004402.wav";2022-04-09 01:09:02
1;42,2317633989186;0,983056521249588;0,912496165393047;0,897035306004877;7864,35366047521;0,498276;1,8007032277912e-12;2,570729;1;2;29;2;"SMJYB02_20220409_004402.wav";2022-04-09 01:04:02
1;42,4030185745668;0,983039793888899;0,913351458338648;0,89786082935335;7870,85128485133;0,494621;1,79929379526269e-12;2,579071;1;2;29;3;"SMJYB02_20220409_004402.wav";2022-04-09 00:59:02
1;42,6044560341808;0,983064912475886;0,914070414452626;0,898590551980668;7868,18668515224;0,495695;1,80171375462348e-12;2,57696;1;2;29;4;"SMJYB02_20220409_004402.wav";2022-04-09 00:54:02
1;42,5490733328119;0,983063407916466;0,913635128923819;0,898161263432049;7873,53060168015;0,516672;1,80030368923208e-12;2,531095;1;2;29;5;"SMJYB02_20220409_004402.wav";2022-04-09 00:49:02
1;42,4945510625709;0,983056969691681;0,913237104945255;0,897764100997486;7870,75565947749;0,55413;1,80108564669301e-12;2,445408;1;2;30;1;"SMJYB02_20220409_011402.wav";2022-04-09 01:39:02
1;42,534593717983;0,983065138811387;0,913560754694281;0,898089730126169;7868,22080009149;0,493201;1,80139434344776e-12;2,582621;1;2;30;2;"SMJYB02_20220409_011402.wav";2022-04-09 01:34:02
1;42,5367553841377;0,98307505479368;0,913503322910879;0,898042329224821;7878,11085173615;0,518178;1,80033427591283e-12;2,527457;1;2;30;3;"SMJYB02_20220409_011402.wav";2022-04-09 01:29:02
1;42,6311880430805;0,983066249447202;0,914064434325325;0,898585895205276;7868,29629590241;0,525064;1,8033952316435e-12;2,512326;1;2;30;4;"SMJYB02_20220409_011402.wav";2022-04-09 01:24:02
1;42,5086857801756;0,983049899590306;0,913404687202123;0,897922386039361;7869,66709793816;0,521454;1,80182305006873e-12;2,520832;1;2;30;5;"SMJYB02_20220409_011402.wav";2022-04-09 01:19:02
1;42,4016676997769;0,983054378250321;0,913107837093446;0,897634657069393;7870,38279465423;0,504307;1,80144096092101e-12;2,559203;1;2;31;1;"SMJYB02_20220409_014402.wav";2022-04-09 02:09:02
1;42,4115450325424;0,983052219292551;0,913228735489022;0,897751535144213;7868,48125419175;0,559297;1,80194844957668e-12;2,434301;1;2;31;2;"SMJYB02_20220409_014402.wav";2022-04-09 02:04:02
1;42,3211400849415;0,983067758786348;0,912566512674182;0,897114716358082;7866,37016078107;0,505912;1,80244290189729e-12;2,555396;1;2;31;3;"SMJYB02_20220409_014402.wav";2022-04-09 01:59:02
1;43,0268231390219;0,983055718818545;0,915669907037085;0,900154538662852;7876,71031692115;0,505037;1,80136763013321e-12;2,560163;1;2;31;4;"SMJYB02_20220409_014402.wav";2022-04-09 01:54:02
1;42,3246967232261;0,983067856058487;0,912768559096782;0,897313430468868;7881,41157557574;0,534429;1,80144031211794e-12;2,492029;1;2;31;5;"SMJYB02_20220409_014402.wav";2022-04-09 01:49:02
1;42,4692255135715;0,983052748787408;0,913619352057996;0,898136015385984;7879,17240191307;0,52052;1,80235386875418e-12;2,524187;1;2;32;1;"SMJYB02_20220409_021402.wav";2022-04-09 02:39:02
1;42,427360947251;0,983055180304144;0,913310335143797;0,897834456188424;7878,10223936681;0,531333;1,80090732448447e-12;2,499521;1;2;32;2;"SMJYB02_20220409_021402.wav";2022-04-09 02:34:02
1;42,3057074551278;0,983073330133762;0,91274035802679;0,897290703312879;7873,09825868453;0,526933;1,80399119122276e-12;2,510043;1;2;32;3;"SMJYB02_20220409_021402.wav";2022-04-09 02:29:02
1;42,3621080539046;0,983054088476854;0,913056001058463;0,897583434848848;7870,96298524208;0,525513;1,80260370394249e-12;2,512672;1;2;32;4;"SMJYB02_20220409_021402.wav";2022-04-09 02:24:02
1;42,3174461613348;0,983058920297092;0,912900356012829;0,897434838320802;7872,52061548718;0,533843;1,80396618877986e-12;2,493616;1;2;32;5;"SMJYB02_20220409_021402.wav";2022-04-09 02:19:02
1;42,3038321011129;0,983063219390159;0,912721757175664;0,89726318901655;7874,60487806313;0,525998;1,80220830302044e-12;2,511537;1;2;33;1;"SMJYB02_20220409_024402.wav";2022-04-09 03:09:02
1;42,2324163553899;0,983067814280326;0,912313122231436;0,896865667011317;7876,54198694714;0,529098;1,80282495752665e-12;2,504495;1;2;33;2;"SMJYB02_20220409_024402.wav";2022-04-09 03:04:02
1;42,2555759076023;0,983065251158173;0,912477177975631;0,897024606142715;7874,30448206402;0,509388;1,80447134158906e-12;2,548452;1;2;33;3;"SMJYB02_20220409_024402.wav";2022-04-09 02:59:02
1;42,2357952268757;0,983060183422364;0,912569623737082;0,897110861696653;7873,99235688522;0,510694;1,8034949760706e-12;2,545929;1;2;33;4;"SMJYB02_20220409_024402.wav";2022-04-09 02:54:02
1;42,2960496037309;0,983075415311271;0,912803541887878;0,897354721039025;7870,45016990733;0,504438;1,80344060096872e-12;2,559618;1;2;33;5;"SMJYB02_20220409_024402.wav";2022-04-09 02:49:02
1;42,1957072475972;0,983059469841894;0,912453922116575;0,896996468931077;7872,42711557771;0,533808;1,80373731078048e-12;2,495106;1;2;34;1;"SMJYB02_20220409_031402.wav";2022-04-09 03:39:02
1;42,1187911263709;0,983073076261474;0,911966403076517;0,896529617319543;7873,57250366854;0,524975;1,80358545404181e-12;2,514607;1;2;34;2;"SMJYB02_20220409_031402.wav";2022-04-09 03:34:02
1;42,1321018848241;0,983060626236046;0,912295581506157;0,89684186566782;7868,0747506671;0,540675;1,80440953494076e-12;2,479515;1;2;34;3;"SMJYB02_20220409_031402.wav";2022-04-09 03:29:02
1;42,1551902202797;0,983083988952058;0,912096422168684;0,896667389014491;7869,90388167611;0,530037;1,80657161688723e-12;2,503773;1;2;34;4;"SMJYB02_20220409_031402.wav";2022-04-09 03:24:02
1;42,2179287322882;0,983059350461794;0,912725403493796;0,89726324230859;7876,39426702076;0,530114;1,8044486025286e-12;2,505759;1;2;34;5;"SMJYB02_20220409_031402.wav";2022-04-09 03:19:02
1;42,1647482666253;0,983060799434922;0,912191207897792;0,896739418073511;7879,69715048402;0,534227;1,80508598684754e-12;2,495715;1;2;35;1;"SMJYB02_20220409_034402.wav";2022-04-09 04:09:02
1;42,1748888967542;0,98306302790055;0,91251730673814;0,897062026573651;7879,81326986112;0,541429;1,8057652424105e-12;2,479988;1;2;35;2;"SMJYB02_20220409_034402.wav";2022-04-09 04:04:02
1;42,1749594817705;0,983071080077395;0,912375158388544;0,89692963239281;7884,22607589928;0,535735;1,80689774464349e-12;2,493043;1;2;35;3;"SMJYB02_20220409_034402.wav";2022-04-09 03:59:02
1;42,1731341679491;0,983060475935629;0,912509159979173;0,897051689104747;7880,43863329053;0,546027;1,80578508409151e-12;2,469987;1;2;35;4;"SMJYB02_20220409_034402.wav";2022-04-09 03:54:02
1;42,1568392822376;0,98306746412476;0,912349200397986;0,8969008148315;7872,34811943636;0,54193;1,80789523786859e-12;2,479386;1;2;35;5;"SMJYB02_20220409_034402.wav";2022-04-09 03:49:02
1;42,1216798279015;0,983064176764012;0,912592101579909;0,897136603060993;7886,78016399068;0,559519;1,80704667228486e-12;2,438146;1;2;36;1;"SMJYB02_20220409_041402.wav";2022-04-09 04:39:02
1;42,089603671113;0,983060786670538;0,912586395901875;0,897127900260129;7879,70302813613;0,554718;1,80596188262247e-12;2,44997;1;2;36;2;"SMJYB02_20220409_041402.wav";2022-04-09 04:34:02
1;42,1161322956022;0,983072805489683;0,912763581053443;0,897313054375018;7879,15601542721;0,543035;1,80798574162173e-12;2,478361;1;2;36;3;"SMJYB02_20220409_041402.wav";2022-04-09 04:29:02
1;42,1290115756034;0,983053747354133;0,912668862240327;0,897202545118786;7888,68151213231;0,539101;1,80583348483659e-12;2,488103;1;2;36;4;"SMJYB02_20220409_041402.wav";2022-04-09 04:24:02
1;42,0828701898406;0,983061346971801;0,912470350654507;0,897014331986251;7882,965588229;0,538469;1,80759733047966e-12;2,489959;1;2;36;5;"SMJYB02_20220409_041402.wav";2022-04-09 04:19:02
1;42,1563192829339;0,983065714479612;0,912789003645302;0,897331574037702;7883,70949586575;0,545709;1,80709394371908e-12;2,47214;1;2;37;1;"SMJYB02_20220409_044402.wav";2022-04-09 05:09:02
1;42,1869842846542;0,983039821463327;0,912676424944408;0,897197269831139;7881,0008010119;0,546247;1,80514813048114e-12;2,471708;1;2;37;2;"SMJYB02_20220409_044402.wav";2022-04-09 05:04:02
1;42,0350333242114;0,983063433539842;0,912253786278302;0,896803339398469;7885,78873423468;0,540993;1,80919584694474e-12;2,484154;1;2;37;3;"SMJYB02_20220409_044402.wav";2022-04-09 04:59:02
1;42,0018678628338;0,983072259291962;0,912165195736284;0,896724299819964;7879,02270546497;0,540106;1,80848792353825e-12;2,48579;2;2;37;4;"SMJYB02_20220409_044402.wav";2022-04-09 04:54:02
1;42,0589702263497;0,98306537906752;0,91185936791866;0,896417375179227;7875,0755456083;0,545195;1,80620520024136e-12;2,473597;2;2;37;5;"SMJYB02_20220409_044402.wav";2022-04-09 04:49:02
1;42,1955505156558;0,983070110134696;0,912669548581465;0,897218153640564;7879,02771816541;0,530572;1,80791918706468e-12;2,506716;2;2;38;1;"SMJYB02_20220409_051402.wav";2022-04-09 05:39:02
1;42,136091668513;0,98305869405988;0,911903976511314;0,896455132257224;7873,73035679024;0,510659;1,80419496299113e-12;2,547671;1;2;38;2;"SMJYB02_20220409_051402.wav";2022-04-09 05:34:02
1;42,3247753651346;0,983063865301458;0,912429276263173;0,896976251137487;7878,29902261313;0,511818;1,80478536939971e-12;2,543214;1;2;38;3;"SMJYB02_20220409_051402.wav";2022-04-09 05:29:02
1;42,3449315381799;0,983037025246514;0,91262343951289;0,897142631148994;7868,40229436201;0,566886;1,79955860691503e-12;2,417544;1;2;38;4;"SMJYB02_20220409_051402.wav";2022-04-09 05:24:02
1;42,2546221422583;0,983061980220142;0,913730182015831;0,898253402119394;7870,5011431045;0,53861;1,80008653785244e-12;2,479707;1;2;38;5;"SMJYB02_20220409_051402.wav";2022-04-09 05:19:02
1;41,9830831255231;0,983064495048208;0,914092511740328;0,898611893481353;7870,29157884794;0,5175;1,80082550160074e-12;2,526354;1;2;39;1;"SMJYB02_20220409_054402.wav";2022-04-09 06:09:02
1;43,145764898305;0,983060006359371;0,918449661626257;0,902891130199071;7887,93869300512;0,485588;1,80210245689872e-12;2,601709;0;2;39;2;"SMJYB02_20220409_054402.wav";2022-04-09 06:04:02
1;43,9868119108799;0,982957445295446;0,921620541543631;0,905913773047533;7933,66891501778;0,490711;1,79904430789338e-12;2,596941;0;2;39;3;"SMJYB02_20220409_054402.wav";2022-04-09 05:59:02
1;40,8632445960943;0,981942758240372;0,945458246120642;0,928385877996808;8706,53938795483;0,552774;1,77434867833655e-12;2,478465;0;2;39;4;"SMJYB02_20220409_054402.wav";2022-04-09 05:54:02
1;45,938963808703;0,982466714038933;0,929664461165046;0,913364388319598;8401,40826819641;0,551322;1,78832790175505e-12;2,475555;0;2;39;5;"SMJYB02_20220409_054402.wav";2022-04-09 05:49:02
1;25,6965994100157;0,982626283625726;0,910140538432081;0,894328014856633;8426,27404880028;0,523043;1,79204366278157e-12;2,538023;0;2;40;1;"SMJYB02_20220409_061402.wav";2022-04-09 06:39:02
1;44,5829265674552;0,982680983006992;0,924634503091309;0,908620742419949;8204,88202013737;0,525671;1,79039655160772e-12;2,527186;1;2;40;2;"SMJYB02_20220409_061402.wav";2022-04-09 06:34:02
1;43,7045522579371;0,982877443619973;0,92006746024268;0,904313553281246;8041,28456747054;0,558718;1,79419458174143e-12;2,443487;0;2;40;3;"SMJYB02_20220409_061402.wav";2022-04-09 06:29:02
1;43,152014232903;0,982933092363821;0,918988266055803;0,903303978200296;8012,19936578589;0,544444;1,79852474854421e-12;2,474774;0;2;40;4;"SMJYB02_20220409_061402.wav";2022-04-09 06:24:02
1;43,3464868151497;0,982922447313862;0,918626281705451;0,902938392980755;7999,22555516507;0,583869;1,79636483872055e-12;2,389166;1;2;40;5;"SMJYB02_20220409_061402.wav";2022-04-09 06:19:02
1;37,6161401335033;0,982882573454846;0,927039657362802;0,91117112412345;8014,01427092118;0,546898;1,79407006538768e-12;2,468202;2;2;41;1;"SMJYB02_20220409_064402.wav";2022-04-09 07:09:02
1;42,5422585235028;0,983038141471311;0,916603426492717;0,901056128845636;7919,17613195363;0,55589;1,80011733876766e-12;2,443926;0;2;41;2;"SMJYB02_20220409_064402.wav";2022-04-09 07:04:02
1;27,2947890951647;0,974333064645831;0,906040497647096;0,882785214765729;8872,83304523394;0,470329;1,45797447777179e-12;2,708234;0;2;41;3;"SMJYB02_20220409_064402.wav";2022-04-09 06:59:02
1;29,2689751698533;0,979566031494121;0,915285295283664;0,896582384385944;9437,14931893207;0,438627;1,68295717671949e-12;2,731212;0;2;41;4;"SMJYB02_20220409_064402.wav";2022-04-09 06:54:02
1;34,7655223642291;0,980414015766946;0,938424355886834;0,92004439124852;9375,6782172093;0,474817;1,7357747422047e-12;2,66219;0;2;41;5;"SMJYB02_20220409_064402.wav";2022-04-09 06:49:02
1;30,3443254105092;0,981863208912923;0,918167815039823;0,901515197195568;8766,20263027544;0,534699;1,77427076822561e-12;2,522031;0;2;42;1;"SMJYB02_20220409_071402.wav";2022-04-09 07:39:02
1;27,1745757032868;0,98212694661734;0,910485616366026;0,894212458340573;8641,58510641055;0,537874;1,7814984935172e-12;2,511264;1;2;42;2;"SMJYB02_20220409_071402.wav";2022-04-09 07:34:02
1;45,3723563463212;0,982333022927352;0,926857033325934;0,910482271368542;8366,44980953841;0,57599;1,78245838165217e-12;2,418344;0;2;42;3;"SMJYB02_20220409_071402.wav";2022-04-09 07:29:02
1;25,9033561298743;0,981208876272606;0,891701265598034;0,874945196788307;8855,80656363367;0,557042;1,75269618850213e-12;2,47892;0;2;42;4;"SMJYB02_20220409_071402.wav";2022-04-09 07:24:02
1;29,3355663582219;0,981397532371882;0,916863267460278;0,899807348207938;8967,34844112066;0,529888;1,76339746794008e-12;2,534461;0;2;42;5;"SMJYB02_20220409_071402.wav";2022-04-09 07:19:02
1;29,3538957500566;0,981687108938113;0,913669719196149;0,896937785161964;8811,40684741139;0,526032;1,77080407746202e-12;2,540638;1;2;43;1;"SMJYB02_20220409_074402.wav";2022-04-09 08:09:02
1;31,0996375077537;0,981522661913545;0,928397239958515;0,911242930277269;8935,65959184081;0,525178;1,76835186896099e-12;2,543199;1;2;43;2;"SMJYB02_20220409_074402.wav";2022-04-09 08:04:02
1;35,0154637690127;0,981987927141142;0,924795589226372;0,908138103693676;8664,08534540267;0,50954;1,77792004558997e-12;2,57608;0;2;43;3;"SMJYB02_20220409_074402.wav";2022-04-09 07:59:02
1;36,6428164700294;0,982381479404363;0,955490402993706;0,938656075649628;8567,38240130131;0,537722;1,78612687309188e-12;2,507752;5;2;43;4;"SMJYB02_20220409_074402.wav";2022-04-09 07:54:02
1;53,0367221968968;0,982421428534111;0,961142086845188;0,944246581982706;8367,09034941694;0,570227;1,78550045261654e-12;2,429999;0;2;43;5;"SMJYB02_20220409_074402.wav";2022-04-09 07:49:02
1;42,8167447541141;0,982791565196818;0,954384516492732;0,937961052763501;8182,45867378444;0,539564;1,79531350054315e-12;2,490244;0;2;44;1;"SMJYB02_20220409_081402.wav";2022-04-09 08:39:02
1;43,4851693105992;0,982868369703857;0,91962899281754;0,903874248902976;8012,46767447409;0,551965;1,79711098204136e-12;2,458084;0;2;44;2;"SMJYB02_20220409_081402.wav";2022-04-09 08:34:02
1;43,5233875430791;0,982923616767276;0,920774593863702;0,905051094027929;7979,06802627214;0,563726;1,7958721111285e-12;2,430877;0;2;44;3;"SMJYB02_20220409_081402.wav";2022-04-09 08:29:02
1;43,131773318642;0,982914795933272;0,916979128568566;0,901312353032042;7935,70999191778;0,553625;1,79746276497849e-12;2,451469;0;2;44;4;"SMJYB02_20220409_081402.wav";2022-04-09 08:24:02
1;42,9581743136197;0,982905507701825;0,91816750099172;0,902471893717583;7975,33057350667;0,526051;1,79822937343355e-12;2,515515;0;2;44;5;"SMJYB02_20220409_081402.wav";2022-04-09 08:19:02
1;42,6253915113347;0,983005988689667;0,916214134815784;0,900643981446038;7913,27952434136;0,550765;1,79947812025015e-12;2,457134;0;2;45;1;"SMJYB02_20220409_084402.wav";2022-04-09 09:09:02
1;42,6995984332652;0,982913279906531;0,915114955034847;0,899478641944819;7892,81721488534;0,603818;1,79447355047253e-12;2,341584;0;2;45;2;"SMJYB02_20220409_084402.wav";2022-04-09 09:04:02
1;42,4650614364047;0,983032575797253;0,915802814599118;0,900263999757746;7883,47181090303;0,543349;1,79915491376812e-12;2,471183;0;2;45;3;"SMJYB02_20220409_084402.wav";2022-04-09 08:59:02
1;42,6676465695421;0,983046576521852;0,914365081006812;0,898863462574872;7884,99224522131;0,547598;1,79979995626093e-12;2,461831;1;2;45;4;"SMJYB02_20220409_084402.wav";2022-04-09 08:54:02
1;42,6942186842058;0,983038298593766;0,915155204073352;0,899632614761499;7876,30214463447;0,533697;1,79933153124653e-12;2,493199;0;2;45;5;"SMJYB02_20220409_084402.wav";2022-04-09 08:49:02
1;42,3803653444619;0,982929910394081;0,915154328400557;0,899532562011516;7877,0298011062;0,629159;1,79741479400386e-12;2,286392;0;2;46;1;"SMJYB02_20220409_091402.wav";2022-04-09 09:39:02
1;42,2702949908581;0,98306577855645;0,915104341337888;0,899607761777718;7871,97391630783;0,531705;1,79990151282791e-12;2,496071;0;2;46;2;"SMJYB02_20220409_091402.wav";2022-04-09 09:34:02
1;42,4368737807264;0,982936293401069;0,915501287406184;0,899879442046941;7878,83886249179;0,591208;1,79660500303404e-12;2,367141;0;2;46;3;"SMJYB02_20220409_091402.wav";2022-04-09 09:29:02
1;42,515098326602;0,983039052020015;0,916230645119059;0,900690504809527;7873,03929988673;0,5502;1,8003544375363e-12;2,456387;0;2;46;4;"SMJYB02_20220409_091402.wav";2022-04-09 09:24:02
1;42,3563612488565;0,983056510731788;0,915553807309711;0,900041131201089;7866,74317968879;0,539762;1,79812931007024e-12;2,479561;0;2;46;5;"SMJYB02_20220409_091402.wav";2022-04-09 09:19:02
1;42,598399377881;0,98300593121136;0,915501353967879;0,899943260982456;7876,39532073882;0,602763;1,79819456843779e-12;2,343748;0;2;47;1;"SMJYB02_20220409_094402.wav";2022-04-09 10:09:02
1;42,2298238716042;0,983077425898602;0,915295842322027;0,899806680605631;7873,84027823839;0,498137;1,80135816838006e-12;2,571122;0;2;47;2;"SMJYB02_20220409_094402.wav";2022-04-09 10:04:02
1;42,6318261298999;0,982974592345985;0,916220489561202;0,900621462225461;7881,26576207044;0,581636;1,79767036400535e-12;2,388393;0;2;47;3;"SMJYB02_20220409_094402.wav";2022-04-09 09:59:02
1;42,6203665059227;0,982956662383934;0,915699710522675;0,900093131201303;7873,97201910948;0,604376;1,79738656583757e-12;2,3405;0;2;47;4;"SMJYB02_20220409_094402.wav";2022-04-09 09:54:02
1;43,000228486915;0,983016495420762;0,915734684911518;0,900182300696956;7890,54297207281;0,5598;1,79682765779746e-12;2,437195;0;2;47;5;"SMJYB02_20220409_094402.wav";2022-04-09 09:49:02
1;42,4869101006277;0,983066053792276;0,91568043413586;0,900174350920738;7867,3838324506;0,504029;1,80023240610691e-12;2,558178;0;2;48;1;"SMJYB02_20220409_101402.wav";2022-04-09 10:39:02
1;42,2442065253558;0,983084851201392;0,914956632982342;0,899480005391173;7871,66344134677;0,497494;1,80137562910478e-12;2,572841;0;2;48;2;"SMJYB02_20220409_101402.wav";2022-04-09 10:34:02
1;42,4444170163484;0,983032530856598;0,915310642798576;0,899780137710264;7872,45463639377;0,526397;1,79897751751948e-12;2,508211;1;2;48;3;"SMJYB02_20220409_101402.wav";2022-04-09 10:29:02
1;42,2933498638102;0,983058909535248;0,915761561335878;0,900247561881144;7869,99472284774;0,542453;1,8007021052846e-12;2,472273;0;2;48;4;"SMJYB02_20220409_101402.wav";2022-04-09 10:24:02
1;42,1677148471995;0,983076344877826;0,915156341381263;0,899668551076856;7873,21569154465;0,555786;1,79943394282229e-12;2,443521;0;2;48;5;"SMJYB02_20220409_101402.wav";2022-04-09 10:19:02
1;42,4532688974506;0,982975669685793;0,91499395244509;0,899416793163163;7887,75632054125;0,58949;1,79475272670089e-12;2,37211;0;2;49;1;"SMJYB02_20220409_104402.wav";2022-04-09 11:09:02
1;42,189301430602;0,983053157708339;0,915295338552734;0,899783972799988;7870,7695974848;0,551965;1,79776703977766e-12;2,451073;0;2;49;2;"SMJYB02_20220409_104402.wav";2022-04-09 11:04:02
1;42,1178287915391;0,983076948554165;0,914729660634244;0,899249643528299;7872,71467583705;0,496194;1,79799930861159e-12;2,575194;0;2;49;3;"SMJYB02_20220409_104402.wav";2022-04-09 10:59:02
1;42,1401416449147;0,983078344946681;0,915100472496085;0,899615457961377;7868,71109594152;0,575819;1,79925870258958e-12;2,399787;0;2;49;4;"SMJYB02_20220409_104402.wav";2022-04-09 10:54:02
1;42,312838927328;0,983068172813729;0,91550875258426;0,900007516597985;7869,12987724637;0,498751;1,8007852184398e-12;2,569529;0;2;49;5;"SMJYB02_20220409_104402.wav";2022-04-09 10:49:02
1;42,2285374924052;0,982333901306757;0,915463304335295;0,899290639250866;7874,35350193072;0,656534;1,77349198055893e-12;2,227447;0;2;50;1;"SMJYB02_20220409_111402.wav";2022-04-09 11:39:02
1;42,1564590561556;0,98303626224539;0,914849706811813;0,899330436300575;7868,87724502146;0,569587;1,79740903853601e-12;2,412676;0;2;50;2;"SMJYB02_20220409_111402.wav";2022-04-09 11:34:02
1;42,2155960461375;0,98305981865261;0,915184997571834;0,899681597746556;7867,30408883612;0,508018;1,80047012899879e-12;2,548382;0;2;50;3;"SMJYB02_20220409_111402.wav";2022-04-09 11:29:02
1;42,3838123928995;0,983038636087064;0,915252301019235;0,899728373669496;7866,13826279167;0,600894;1,7978451641893e-12;2,346761;0;2;50;4;"SMJYB02_20220409_111402.wav";2022-04-09 11:24:02
1;42,5209533086317;0,983044977020918;0,915292377624187;0,899773574328991;7869,94875417395;0,555361;1,79970602778845e-12;2,444783;0;2;50;5;"SMJYB02_20220409_111402.wav";2022-04-09 11:19:02
1;42,1705293408255;0,983043059854014;0,915085650141231;0,899568597543335;7870,37824035825;0,553886;1,79915410500453e-12;2,446709;0;2;51;1;"SMJYB02_20220409_114402.wav";2022-04-09 12:09:02
1;42,3510798150962;0,983048276495168;0,915839881757134;0,900314817306889;7871,52052001381;0,545244;1,7989973132425e-12;2,466034;0;2;51;2;"SMJYB02_20220409_114402.wav";2022-04-09 12:04:02
1;42,1404299961674;0,983043135331702;0,915244025564196;0,899724356484236;7873,36140216242;0,570411;1,7969112877287e-12;2,411419;0;2;51;3;"SMJYB02_20220409_114402.wav";2022-04-09 11:59:02
1;41,9911416084374;0,983074841579913;0,914703230280647;0,899221733200782;7871,01619051146;0,49502;1,80019413323187e-12;2,577795;0;2;51;4;"SMJYB02_20220409_114402.wav";2022-04-09 11:54:02
1;42,0832165920532;0,983067960513263;0,915020204272058;0,899527046042161;7871,87206696144;0,497076;1,79760401801504e-12;2,573053;0;2;51;5;"SMJYB02_20220409_114402.wav";2022-04-09 11:49:02
1;42,1121713187456;0,983059952187193;0,915069098461513;0,899567784181553;7867,29840871259;0,564227;1,79920314787236e-12;2,423961;0;2;52;1;"SMJYB02_20220409_121402.wav";2022-04-09 12:39:02
1;42,1138965819041;0,983082163610462;0,915206411942167;0,899723099602273;7867,88706602674;0,545636;1,80037222311646e-12;2,464286;0;2;52;2;"SMJYB02_20220409_121402.wav";2022-04-09 12:34:02
1;42,0304629072377;0,983082917526265;0,915018163534984;0,899538725797497;7867,27637192213;0,511746;1,79806229879866e-12;2,540054;0;2;52;3;"SMJYB02_20220409_121402.wav";2022-04-09 12:29:02
1;41,9880913276466;0,982700564165992;0,914409061331661;0,898590300449119;7876,21873637878;0,648225;1,78549405910728e-12;2,244196;0;2;52;4;"SMJYB02_20220409_121402.wav";2022-04-09 12:24:02
1;41,8454752482328;0,982735699047123;0,913920331890514;0,898142136233803;7869,28123067115;0,612386;1,78800921098005e-12;2,322792;0;2;52;5;"SMJYB02_20220409_121402.wav";2022-04-09 12:19:02
1;41,9322579208383;0,982983629795159;0,913415125716655;0,897872115786758;7875,54417152939;0,564678;1,7958830778011e-12;2,42362;0;2;53;1;"SMJYB02_20220409_124402.wav";2022-04-09 13:09:02
1;41,6568132965805;0,983091207248207;0,913930382453633;0,898476923027157;7864,34747440604;0,505576;1,79873815296025e-12;2,553665;0;2;53;2;"SMJYB02_20220409_124402.wav";2022-04-09 13:04:02
1;41,7279739590196;0,983051805929433;0,914028056819985;0,898536931927056;7875,27301187777;0,516274;1,79823060964519e-12;2,529668;0;2;53;3;"SMJYB02_20220409_124402.wav";2022-04-09 12:59:02
1;41,8921879921097;0,982960523726666;0,913820106576132;0,898249090552032;7874,31288957215;0,590576;1,79382340969466e-12;2,36781;0;2;53;4;"SMJYB02_20220409_124402.wav";2022-04-09 12:54:02
1;41,73520797651;0,9830605988111;0,914248345052218;0,898761525549091;7870,51423956303;0,50348;1,79746956678603e-12;2,558486;0;2;53;5;"SMJYB02_20220409_124402.wav";2022-04-09 12:49:02
1;41,8364041006951;0,982961151723471;0,914764255584554;0,899177726224857;7881,12264703506;0,611559;1,79730219544829e-12;2,324355;0;2;54;1;"SMJYB02_20220409_131402.wav";2022-04-09 13:39:02
1;41,6662347180929;0,98305983029227;0,913849616968769;0,898368849369974;7872,18285041754;0,586619;1,80056476762901e-12;2,375987;0;2;54;2;"SMJYB02_20220409_131402.wav";2022-04-09 13:34:02
1;41,6935000995753;0,983068831909894;0,913991841264997;0,898516891767553;7868,74108782939;0,538303;1,79881877393674e-12;2,479916;0;2;54;3;"SMJYB02_20220409_131402.wav";2022-04-09 13:29:02
1;41,9512926069404;0,982854912245623;0,913745610220615;0,898079361548206;7873,17143441802;0,608548;1,79443415437094e-12;2,329217;1;2;54;4;"SMJYB02_20220409_131402.wav";2022-04-09 13:24:02
1;41,8248269652043;0,983073390852243;0,914034627211958;0,898563120329626;7869,47691373552;0,568379;1,79795370341837e-12;2,41455;0;2;54;5;"SMJYB02_20220409_131402.wav";2022-04-09 13:19:02
1;42,7466949866408;0,982937542047727;0,914268194032132;0,898668531414358;7898,75702633463;0,619574;1,79547050267473e-12;2,311753;1;2;55;1;"SMJYB02_20220409_134402.wav";2022-04-09 14:09:02
1;42,1451510391669;0,983051204309056;0,914362766805048;0,898865419083063;7875,42061359561;0,536304;1,8008326042293e-12;2,484175;0;2;55;2;"SMJYB02_20220409_134402.wav";2022-04-09 14:04:02
1;41,9310511912896;0,983043983979839;0,914353617736809;0,898849823146372;7872,17068977131;0,5356;1,79711687380981e-12;2,48574;0;2;55;3;"SMJYB02_20220409_134402.wav";2022-04-09 13:59:02
1;42,071429677425;0,98300324475318;0,915050247299101;0,899497362207216;7892,4407402733;0,583953;1,79622190509382e-12;2,383136;0;2;55;4;"SMJYB02_20220409_134402.wav";2022-04-09 13:54:02
1;42,1043159958955;0,983042174865901;0,914092955471611;0,898591926976411;7874,94834434243;0,560433;1,80011663095028e-12;2,431599;0;2;55;5;"SMJYB02_20220409_134402.wav";2022-04-09 13:49:02
1;41,6349364671322;0,983083003033801;0,913609060731555;0,898153539022868;7870,2920124067;0,503152;1,80004772637272e-12;2,558176;0;2;56;1;"SMJYB02_20220409_141402.wav";2022-04-09 14:39:02
1;42,098399643423;0,983045890093155;0,914612979020346;0,899106530051808;7881,75322708107;0,5773;1,80065626146597e-12;2,396179;0;2;56;2;"SMJYB02_20220409_141402.wav";2022-04-09 14:34:02
1;42,6435035786266;0,982879411149248;0,914314472544895;0,898660870380162;7910,46973094341;0,580395;1,7931578437122e-12;2,394038;1;2;56;3;"SMJYB02_20220409_141402.wav";2022-04-09 14:29:02
1;41,8981169025963;0,983035634650014;0,913799246155086;0,89829722188677;7875,27560575858;0,556877;1,79709791663319e-12;2,439351;0;2;56;4;"SMJYB02_20220409_141402.wav";2022-04-09 14:24:02
1;41,6780235061555;0,983085141427683;0,913555231123159;0,89810257359071;7874,17034254548;0,535128;1,79938068499992e-12;2,486871;0;2;56;5;"SMJYB02_20220409_141402.wav";2022-04-09 14:19:02
1;41,8079927316652;0,983047582742492;0,913450076774782;0,897964889929393;7875,47093574807;0,564451;1,79994178987855e-12;2,423455;0;2;57;1;"SMJYB02_20220409_144402.wav";2022-04-09 15:09:02
1;41,6728446155915;0,983070019924502;0,91311003451521;0,89765109982413;7860,43655240571;0,542332;1,80070267616704e-12;2,470291;0;2;57;2;"SMJYB02_20220409_144402.wav";2022-04-09 15:04:02
1;41,8277529164229;0,98306743849183;0,913685570106479;0,898214532991524;7872,15467866894;0,506857;1,80171537294525e-12;2,550164;0;2;57;3;"SMJYB02_20220409_144402.wav";2022-04-09 14:59:02
1;41,8510682315313;0,983001842378784;0,913146916787801;0,897625101564915;7875,729718098;0,556508;1,79571870912048e-12;2,439821;0;2;57;4;"SMJYB02_20220409_144402.wav";2022-04-09 14:54:02
1;41,8910689684154;0,983046744941735;0,913605563714368;0,898116975570068;7870,86096009321;0,594636;1,79862108108774e-12;2,359273;0;2;57;5;"SMJYB02_20220409_144402.wav";2022-04-09 14:49:02
1;41,724218363031;0,983084253191084;0,913630896452204;0,898176147531015;7873,44870574952;0,553962;1,79935083754342e-12;2,444904;1;2;58;1;"SMJYB02_20220409_151402.wav";2022-04-09 15:39:02
1;41,9868705660656;0,983020112412618;0,913669275893307;0,898155274296594;7877,25417127853;0,560777;1,79818167419939e-12;2,431721;0;2;58;2;"SMJYB02_20220409_151402.wav";2022-04-09 15:34:02
1;41,6247029611696;0,983074764448291;0,913740826504048;0,898275547782254;7875,78425492748;0,532286;1,80133766051278e-12;2,492567;0;2;58;3;"SMJYB02_20220409_151402.wav";2022-04-09 15:29:02
1;41,6768038686008;0,983056955659613;0,91401237479296;0,898526222599181;7881,90161450525;0,55171;1,79788956564302e-12;2,45118;0;2;58;4;"SMJYB02_20220409_151402.wav";2022-04-09 15:24:02
1;41,7103508793076;0,983065471561922;0,91388851256895;0,898412241563619;7869,29895128455;0,511031;1,79976481166452e-12;2,540608;1;2;58;5;"SMJYB02_20220409_151402.wav";2022-04-09 15:19:02
1;42,2920699002552;0,983059732868865;0,914193575869328;0,898706892484534;7868,83322610261;0,539396;1,80080002910924e-12;2,476699;0;2;59;1;"SMJYB02_20220409_154402.wav";2022-04-09 16:09:02
1;42,4120827596398;0,983042263550318;0,915026450719343;0,899509673323557;7882,26702186263;0,525624;1,79781120306038e-12;2,50872;1;2;59;2;"SMJYB02_20220409_154402.wav";2022-04-09 16:04:02
1;42,2854667978811;0,983062185731501;0,914851060434645;0,899355483089664;7880,87116760394;0,538444;1,79914945116151e-12;2,480081;0;2;59;3;"SMJYB02_20220409_154402.wav";2022-04-09 15:59:02
1;42,7188949306083;0,983022280712717;0,917570633077505;0,90199237644286;7895,0451071068;0,571727;1,79673847379615e-12;2,409988;0;2;59;4;"SMJYB02_20220409_154402.wav";2022-04-09 15:54:02
1;41,9806896136908;0,983069308931209;0,914054008467325;0,898578442429775;7866,75712384081;0,495497;1,79904858887538e-12;2,575143;1;2;59;5;"SMJYB02_20220409_154402.wav";2022-04-09 15:49:02
1;41,9981596333129;0,983055076442574;0,914680084758383;0,899180900642652;7868,70231746789;0,544407;1,79886318599001e-12;2,465556;0;2;60;1;"SMJYB02_20220409_161402.wav";2022-04-09 16:39:02
1;42,6236355060227;0,983038028793062;0,915170994343245;0,89964789028777;7881,8016680935;0,565603;1,79823594834578e-12;2,422241;0;2;60;2;"SMJYB02_20220409_161402.wav";2022-04-09 16:34:02
1;42,3475491137889;0,983067176676377;0,914729438262843;0,899240486295821;7880,3245785997;0,55019;1,7993973919886e-12;2,453613;1;2;60;3;"SMJYB02_20220409_161402.wav";2022-04-09 16:29:02
1;42,2643798875332;0,983040177971776;0,914659756084147;0,899147289404582;7874,44650016562;0,55529;1,79949115248763e-12;2,44269;1;2;60;4;"SMJYB02_20220409_161402.wav";2022-04-09 16:24:02
1;42,4502656527741;0,982976823828546;0,913727709877294;0,898173162099313;7883,7312052385;0,618341;1,79664058524828e-12;2,307911;1;2;60;5;"SMJYB02_20220409_161402.wav";2022-04-09 16:19:02
1;42,6388582240106;0,983004813416197;0,914689914245583;0,899144588486657;7885,50213195912;0,566629;1,79774867887955e-12;2,420749;1;2;61;1;"SMJYB02_20220409_164402.wav";2022-04-09 17:09:02
1;42,4833300384802;0,982971513919737;0,914807848899825;0,899230056178719;7881,36919614553;0,600095;1,79533631955467e-12;2,348233;0;2;61;2;"SMJYB02_20220409_164402.wav";2022-04-09 17:04:02
1;42,3405142741805;0,983068165357144;0,914330928490419;0,89884962840037;7865,28615296361;0,498036;1,80004858243804e-12;2,569148;1;2;61;3;"SMJYB02_20220409_164402.wav";2022-04-09 16:59:02
1;42,4659262462902;0,983011372611055;0,914028324891382;0,89850023825686;7873,39087936366;0,631223;1,7987556569342e-12;2,280517;1;2;61;4;"SMJYB02_20220409_164402.wav";2022-04-09 16:54:02
1;42,4726094776835;0,983016478221852;0,913799300476823;0,898279770156319;7876,80650128106;0,54659;1,79838643153461e-12;2,461429;1;2;61;5;"SMJYB02_20220409_164402.wav";2022-04-09 16:49:02
1;42,1837004784068;0,983008362909065;0,914212605193469;0,898678636382063;7877,81754519586;0,552769;1,79675580583059e-12;2,448228;1;2;62;1;"SMJYB02_20220409_171402.wav";2022-04-09 17:39:02
1;42,2006051779953;0,983002828639905;0,913467567188273;0,897941202416885;7877,13388639022;0,537279;1,79601862270637e-12;2,481185;1;2;62;2;"SMJYB02_20220409_171402.wav";2022-04-09 17:34:02
1;42,6773344496311;0,983022023096548;0,913934085329842;0,898417333537834;7875,06165503279;0,551248;1,79780104634377e-12;2,451367;1;2;62;3;"SMJYB02_20220409_171402.wav";2022-04-09 17:29:02
1;42,7663967243112;0,983047319652677;0,914146684634334;0,898649448099163;7867,49839023507;0,56505;1,79963049254599e-12;2,421821;1;2;62;4;"SMJYB02_20220409_171402.wav";2022-04-09 17:24:02
1;42,4913109598545;0,983063844424653;0,913665298924758;0,898191321278373;7868,33037850044;0,514593;1,79984224680888e-12;2,531612;1;2;62;5;"SMJYB02_20220409_171402.wav";2022-04-09 17:19:02
1;42,5514603550927;0,98305106179357;0,914222996409553;0,89872788733651;7873,21844018627;0,541588;1,80043893431914e-12;2,471574;1;2;63;1;"SMJYB02_20220409_174402.wav";2022-04-09 18:09:02
1;42,4720006733591;0,983056886999446;0,913712394945291;0,898231262587726;7866,09929990464;0,547608;1,79901194841137e-12;2,458511;0;2;63;2;"SMJYB02_20220409_174402.wav";2022-04-09 18:04:02
1;42,7969120902359;0,983036204423061;0,914423201018868;0,898911112765973;7872,35733084197;0,516264;1,79885548605263e-12;2,528574;1;2;63;3;"SMJYB02_20220409_174402.wav";2022-04-09 17:59:02
1;42,6636853212727;0,983051066003248;0,914642026317194;0,899139818982488;7880,28088556967;0,547047;1,79975605851657e-12;2,46026;1;2;63;4;"SMJYB02_20220409_174402.wav";2022-04-09 17:54:02
1;42,7440213691046;0,983014706786531;0,914175123183318;0,89864759066759;7873,49158674834;0,562657;1,79959480179664e-12;2,426285;1;2;63;5;"SMJYB02_20220409_174402.wav";2022-04-09 17:49:02
1;42,5260960370567;0,983055986748883;0,913720229498744;0,898238141822303;7874,25951083986;0,539217;1,80174011917585e-12;2,477533;1;2;64;1;"SMJYB02_20220409_181402.wav";2022-04-09 18:39:02
1;42,5550216382602;0,983049536882206;0,91360633466899;0,898120284189;7871,44118586724;0,549188;1,8007526234989e-12;2,455459;1;2;64;2;"SMJYB02_20220409_181402.wav";2022-04-09 18:34:02
1;42,4899756183956;0,983072891058725;0,913090620572331;0,897634636164647;7872,18681523705;0,510643;1,80385935139477e-12;2,543835;1;2;64;3;"SMJYB02_20220409_181402.wav";2022-04-09 18:29:02
1;42,4989805101866;0,983070406556386;0,913125068856108;0,897666232677203;7880,89199413525;0,53641;1,80213366095733e-12;2,484909;1;2;64;4;"SMJYB02_20220409_181402.wav";2022-04-09 18:24:02
1;42,5269753014917;0,983065460257633;0,913274527182535;0,897808643406271;7878,15253995775;0,519792;1,80296677974738e-12;2,52383;1;2;64;5;"SMJYB02_20220409_181402.wav";2022-04-09 18:19:02
1;42,4518604175403;0,983061763135988;0,913076848628378;0,897610936691265;7877,25850981847;0,550434;1,80191793759836e-12;2,453377;1;2;65;1;"SMJYB02_20220409_184402.wav";2022-04-09 19:09:02
1;42,3561419296261;0,98302401888972;0,912705537854345;0,897211465884482;7882,37235635223;0,566462;1,80279411656092e-12;2,418104;1;2;65;2;"SMJYB02_20220409_184402.wav";2022-04-09 19:04:02
1;42,4771976737016;0,983054517495264;0,913144143354358;0,897670475248844;7880,43428391557;0,54592;1,80308159960708e-12;2,462642;1;2;65;3;"SMJYB02_20220409_184402.wav";2022-04-09 18:59:02
1;42,4641534927283;0,983040517858753;0,913503020685686;0,898010482520392;7876,37362471541;0,569436;1,80288127694075e-12;2,411242;1;2;65;4;"SMJYB02_20220409_184402.wav";2022-04-09 18:54:02
1;42,4644744047976;0,983020477922406;0,913083615896549;0,897579892481744;7885,49859931001;0,565863;1,8021232377567e-12;2,419067;1;2;65;5;"SMJYB02_20220409_184402.wav";2022-04-09 18:49:02
1;42,4083899241075;0,983001463017978;0,913213585352448;0,89769029044935;7883,56607658458;0,565517;1,79970663449243e-12;2,420195;2;2;66;1;"SMJYB02_20220409_191402.wav";2022-04-09 19:39:02
1;42,4888227007853;0,982777173739267;0,91333785492352;0,897607595730822;7881,37378336951;0,610771;1,79301702133568e-12;2,321459;2;2;66;2;"SMJYB02_20220409_191402.wav";2022-04-09 19:34:02
1;42,4541570302743;0,982962182264837;0,913376159583154;0,897814223052533;7881,89984414415;0,584879;1,79695428688964e-12;2,378;1;2;66;3;"SMJYB02_20220409_191402.wav";2022-04-09 19:29:02
1;42,4311271359826;0,982725994697367;0,913339991215765;0,897562951364398;7889,40897242566;0,618413;1,78964369444586e-12;2,304195;2;2;66;4;"SMJYB02_20220409_191402.wav";2022-04-09 19:24:02
1;42,498947773333;0,982816170466974;0,913425308304387;0,897729163515332;7879,98811240137;0,622242;1,79260736698861e-12;2,295514;2;2;66;5;"SMJYB02_20220409_191402.wav";2022-04-09 19:19:02
1;42,373910203828;0,982977331291203;0,913027993476454;0,897485820421647;7885,84995537628;0,590181;1,79672883988942e-12;2,36648;2;2;67;1;"SMJYB02_20220409_194402.wav";2022-04-09 20:09:02
1;42,3068095691867;0,982991509959417;0,91289757925698;0,897370569872115;7877,28978565139;0,58607;1,79762916988662e-12;2,375478;2;2;67;2;"SMJYB02_20220409_194402.wav";2022-04-09 20:04:02
1;42,4814174960551;0,98302245513874;0,914084141922369;0,898565237395916;7890,02131326063;0,579424;1,80087179794788e-12;2,391287;1;2;67;3;"SMJYB02_20220409_194402.wav";2022-04-09 19:59:02
1;42,3342059306875;0,983006916071294;0,912766905810917;0,897256181173127;7875,84917221903;0,579394;1,79935667400025e-12;2,389169;1;2;67;4;"SMJYB02_20220409_194402.wav";2022-04-09 19:54:02
1;42,3233632336651;0,982912054868078;0,912623668007642;0,897028804842634;7876,45192840987;0,616353;1,79637924413641e-12;2,309513;2;2;67;5;"SMJYB02_20220409_194402.wav";2022-04-09 19:49:02
1;42,2947211308329;0,983042845164144;0,912688783109929;0,897212178097786;7882,4767726379;0,55279;1,80074416730226e-12;2,448336;1;2;68;1;"SMJYB02_20220409_201402.wav";2022-04-09 20:39:02
1;42,3204854448841;0,983043347809654;0,912991189410688;0,897509915359;7875,53068147024;0,577941;1,80099199469891e-12;2,392564;1;2;68;2;"SMJYB02_20220409_201402.wav";2022-04-09 20:34:02
1;42,1668809450038;0,983069454370111;0,912245790353794;0,896800971374535;7878,19338951619;0,524047;1,800990804205e-12;2,512492;1;2;68;3;"SMJYB02_20220409_201402.wav";2022-04-09 20:29:02
1;42,2815729738295;0,983069915716269;0,91299246323914;0,89753542388609;7875,17127698434;0,496684;1,80280091377423e-12;2,576343;1;2;68;4;"SMJYB02_20220409_201402.wav";2022-04-09 20:24:02
1;42,2146578510222;0,983070980877201;0,91260153242933;0,897152083635338;7875,8218720929;0,503123;1,79994226093656e-12;2,56107;1;2;68;5;"SMJYB02_20220409_201402.wav";2022-04-09 20:19:02
1;42,1365258395207;0,983051407725151;0,912267041353002;0,896805399223327;7868,17763538537;0,545357;1,80091516825291e-12;2,46385;1;2;69;1;"SMJYB02_20220409_204402.wav";2022-04-09 21:09:02
1;42,174689811756;0,98304882074629;0,912414512244168;0,896948010293431;7871,07354656655;0,528107;1,80145079436925e-12;2,503027;1;2;69;2;"SMJYB02_20220409_204402.wav";2022-04-09 21:04:02
1;42,1453678627352;0,983048587780362;0,91277320424766;0,897300409399418;7870,72979615346;0,49826;1,79879140171672e-12;2,571858;1;2;69;3;"SMJYB02_20220409_204402.wav";2022-04-09 20:59:02
1;42,0567852971356;0,983065282372038;0,912251748576804;0,896803022809042;7869,97463019291;0,521294;1,80069736168732e-12;2,51884;1;2;69;4;"SMJYB02_20220409_204402.wav";2022-04-09 20:54:02
1;42,0736835632933;0,983045532274077;0,912258135741338;0,896791284621201;7868,69823648933;0,525222;1,80034763702663e-12;2,510658;1;2;69;5;"SMJYB02_20220409_204402.wav";2022-04-09 20:49:02
1;42,0644549025326;0,983066048580487;0,911970969713867;0,896527697616726;7870,05740948931;0,521204;1,802108227714e-12;2,518849;1;2;70;1;"SMJYB02_20220409_211402.wav";2022-04-09 21:39:02
1;42,0198458942717;0,98308917472463;0,91211926513362;0,896694575610646;7870,84096419016;0,498775;1,80356327746101e-12;2,569489;1;2;70;2;"SMJYB02_20220409_211402.wav";2022-04-09 21:34:02
1;42,1210686021756;0,983061977822388;0,912549516774107;0,897092732820817;7868,45400189786;0,510401;1,79892835822021e-12;2,543246;1;2;70;3;"SMJYB02_20220409_211402.wav";2022-04-09 21:29:02
1;42,0891333093679;0,983062427239157;0,912412033845224;0,896957988634102;7867,75814012789;0,535218;1,80112958252043e-12;2,486263;1;2;70;4;"SMJYB02_20220409_211402.wav";2022-04-09 21:24:02
1;42,0537615354048;0,983066080600503;0,912039363308312;0,896594962240881;7863,97136705674;0,533265;1,80193391396289e-12;2,490701;1;2;70;5;"SMJYB02_20220409_211402.wav";2022-04-09 21:19:02
1;42,0874863022768;0,983071940188636;0,912814736495831;0,897362554039734;7872,19764665102;0,494031;1,80041707316086e-12;2,580188;1;2;71;1;"SMJYB02_20220409_214402.wav";2022-04-09 22:09:02
1;42,1077794145139;0,983059635688746;0,912729694375996;0,897267720835567;7872,47593793599;0,530507;1,80120354918594e-12;2,49651;1;2;71;2;"SMJYB02_20220409_214402.wav";2022-04-09 22:04:02
1;41,345028361216;0,983013999791432;0,940530075237319;0,924554231183173;7950,46174512151;0,543162;1,79883102983822e-12;2,472034;7;2;71;3;"SMJYB02_20220409_214402.wav";2022-04-09 21:59:02
1;42,0677137886982;0,983040222888358;0,912283267547874;0,896811146667582;7875,05265732333;0,517254;1,79953765523562e-12;2,527216;1;2;71;4;"SMJYB02_20220409_214402.wav";2022-04-09 21:54:02
1;42,0467003816597;0,98307405971057;0,91253411216008;0,89708861426559;7870,71412230174;0,501179;1,80051604289449e-12;2,563914;1;2;71;5;"SMJYB02_20220409_214402.wav";2022-04-09 21:49:02
1;42,0655669059578;0,983063603132615;0,912532189714189;0,897077182394926;7869,29891366124;0,535763;1,79836131823723e-12;2,485674;1;2;72;1;"SMJYB02_20220409_221402.wav";2022-04-09 22:39:02
1;41,9962613327845;0,983069410113716;0,911995307203344;0,896554688678868;7868,62435249387;0,515695;1,79921700172391e-12;2,530583;1;2;72;2;"SMJYB02_20220409_221402.wav";2022-04-09 22:34:02
1;41,9911412808231;0,983064795269973;0,91194895777653;0,89650491547325;7868,06012849485;0,550135;1,79934047777573e-12;2,452513;1;2;72;3;"SMJYB02_20220409_221402.wav";2022-04-09 22:29:02
1;42,0548590481046;0,983062230558016;0,912467819860435;0,897012650304409;7875,3846445524;0,534931;1,80119662578535e-12;2,487132;1;2;72;4;"SMJYB02_20220409_221402.wav";2022-04-09 22:24:02
1;41,9153893385609;0,983056707352279;0,911765527426963;0,896317217269664;7868,36929398891;0,524616;1,79880760548675e-12;2,509936;1;2;72;5;"SMJYB02_20220409_221402.wav";2022-04-09 22:19:02
1;41,9620355286082;0,983070008883506;0,912070506315946;0,896629160746401;7865,46147424859;0,537352;1,80138155943255e-12;2,481279;1;2;73;1;"SMJYB02_20220409_224402.wav";2022-04-09 23:09:02
1;41,9332241886305;0,983055741992992;0,911974188109765;0,896521462170702;7872,10338679684;0,501287;1,80056121029867e-12;2,564289;1;2;73;2;"SMJYB02_20220409_224402.wav";2022-04-09 23:04:02
1;42,0195860675865;0,983071717653432;0,912613488607602;0,897164509799166;7876,0627345656;0,500403;1,79930694814885e-12;2,566052;1;2;73;3;"SMJYB02_20220409_224402.wav";2022-04-09 22:59:02
1;42,0169979259206;0,983062408922623;0,912292937020385;0,896840892310354;7875,57500544526;0,520449;1,80177814387312e-12;2,520708;1;2;73;4;"SMJYB02_20220409_224402.wav";2022-04-09 22:54:02
1;42,0898393469287;0,983064092085563;0,912427489792743;0,896974701847012;7868,68798484906;0,522029;1,79955352411586e-12;2,516065;1;2;73;5;"SMJYB02_20220409_224402.wav";2022-04-09 22:49:02
1;41,9899821615433;0,983052343445167;0,912173654688169;0,896714448870147;7866,29712465209;0,510785;1,80067709842447e-12;2,541508;1;2;74;1;"SMJYB02_20220409_231402.wav";2022-04-09 23:39:02
1;41,9609048039657;0,983077282063938;0,912162259885392;0,89672599524943;7869,36683716538;0,502232;1,80127698798462e-12;2,56107;1;2;74;2;"SMJYB02_20220409_231402.wav";2022-04-09 23:34:02
1;41,9745056906581;0,983056077103538;0,912454694708919;0,896994132715256;7873,4534561183;0,49711;1,80073204736554e-12;2,572956;1;2;74;3;"SMJYB02_20220409_231402.wav";2022-04-09 23:29:02
1;41,8918633230133;0,983063711046641;0,91156317174476;0,89612467446885;7873,01478979107;0,501182;1,79901682521037e-12;2,564632;1;2;74;4;"SMJYB02_20220409_231402.wav";2022-04-09 23:24:02
1;42,1115472559401;0,983056568625443;0,912284909013287;0,896827672263377;7866,12291136885;0,49956;1,80035235330727e-12;2,568166;1;2;74;5;"SMJYB02_20220409_231402.wav";2022-04-09 23:19:02
1;42,0682163354188;0,983079228435728;0,912372300537081;0,896934257258123;7867,82393917637;0,498564;1,80120056720891e-12;2,569838;1;2;75;1;"SMJYB02_20220409_234402.wav";2022-04-10 00:09:02
1;42,0907180957285;0,983069624948683;0,91227109158857;0,896825999859501;7862,39175683706;0,503517;1,80194801129713e-12;2,558926;1;2;75;2;"SMJYB02_20220409_234402.wav";2022-04-10 00:04:02
1;42,00216187282;0,983061528698402;0,911818592684596;0,896373779620144;7869,73653878294;0,51864;1,79988490678197e-12;2,524338;1;2;75;3;"SMJYB02_20220409_234402.wav";2022-04-09 23:59:02
1;42,0403650661247;0,983050667806071;0,912038993137719;0,896580541269211;7876,70859578955;0,49826;1,7994103797933e-12;2,572173;1;2;75;4;"SMJYB02_20220409_234402.wav";2022-04-09 23:54:02
1;42,0305064694293;0,983074912151734;0,912028794477712;0,896592627011029;7864,49676981348;0,50006;1,80109282117217e-12;2,567237;1;2;75;5;"SMJYB02_20220409_234402.wav";2022-04-09 23:49:02
1;42,0019466362171;0,983046615820819;0,911909832230568;0,896449874507991;7865,07319540017;0,517721;1,80168597301807e-12;2,527335;1;2;76;1;"SMJYB02_20220410_001402.wav";2022-04-10 00:39:02
1;41,9457174416999;0,983060661014092;0,911766789006528;0,896322062291454;7869,95021866032;0,518099;1,80125359863419e-12;2,526511;1;2;76;2;"SMJYB02_20220410_001402.wav";2022-04-10 00:34:02
1;42,0030729719073;0,983069239910058;0,912308981364769;0,896862896873383;7866,18687857486;0,534193;1,80012252734517e-12;2,490167;1;2;76;3;"SMJYB02_20220410_001402.wav";2022-04-10 00:29:02
1;41,9065848458315;0,983053987658651;0,911812491811967;0,896360906072726;7863,24168120916;0,543485;1,8001555514335e-12;2,46842;1;2;76;4;"SMJYB02_20220410_001402.wav";2022-04-10 00:24:02
1;41,8406032989182;0,9830548709052;0,91134906795986;0,895906140352854;7869,15522510664;0,513338;1,80061830456873e-12;2,536563;1;2;76;5;"SMJYB02_20220410_001402.wav";2022-04-10 00:19:02
1;41,9403043544611;0,983061431112849;0,912230146943703;0,896778273758761;7871,0520820274;0,534737;1,80214103257682e-12;2,487399;1;2;77;1;"SMJYB02_20220410_004402.wav";2022-04-10 01:09:02
1;41,8512046665807;0,983049045376097;0,911673526251028;0,896219789675733;7862,49963684982;0,521308;1,79907742494544e-12;2,518327;1;2;77;2;"SMJYB02_20220410_004402.wav";2022-04-10 01:04:02
1;41,8866001438;0,983058721077897;0,911949214389361;0,896499628385599;7865,6789049773;0,538622;1,80050406151215e-12;2,478706;1;2;77;3;"SMJYB02_20220410_004402.wav";2022-04-10 00:59:02
1;41,847516902238;0,983068721081539;0,911700345627805;0,896264092785923;7869,41402531195;0,522439;1,80314633694787e-12;2,515537;1;2;77;4;"SMJYB02_20220410_004402.wav";2022-04-10 00:54:02
1;41,7749720701328;0,983058120258965;0,911331065674848;0,895891404355915;7862,25871148407;0,558531;1,79970420571484e-12;2,4337;1;2;77;5;"SMJYB02_20220410_004402.wav";2022-04-10 00:49:02
1;41,8575289879061;0,983070262887643;0,911570029062504;0,896137388110973;7861,81364903922;0,51016;1,80191810115909e-12;2,544567;2;2;78;1;"SMJYB02_20220410_011402.wav";2022-04-10 01:39:02
1;41,7824228600551;0,983049966927032;0,91131778127446;0,895870914741874;7860,6794242675;0,498367;1,79982657715549e-12;2,570569;1;2;78;2;"SMJYB02_20220410_011402.wav";2022-04-10 01:34:02
1;41,7920675537901;0,98307260419094;0,911387230822018;0,89595981843057;7866,91712253395;0,516902;1,80143529563726e-12;2,529243;1;2;78;3;"SMJYB02_20220410_011402.wav";2022-04-10 01:29:02
1;41,760616097951;0,983056186458512;0,911397320440207;0,895954774180457;7868,97336150183;0,51488;1,79969259173679e-12;2,533436;1;2;78;4;"SMJYB02_20220410_011402.wav";2022-04-10 01:24:02
1;41,8155538558014;0,983051634204822;0,911488354996981;0,896040116938447;7870,12297197493;0,531448;1,80211675276383e-12;2,495411;1;2;78;5;"SMJYB02_20220410_011402.wav";2022-04-10 01:19:02
1;41,8953303002184;0,983061370540369;0,911756905870877;0,89631299348507;7872,14234361434;0,541704;1,80089994409285e-12;2,472171;1;2;79;1;"SMJYB02_20220410_014402.wav";2022-04-10 02:09:02
1;41,9120674105494;0,98304284328838;0,911810743881699;0,896349026206359;7863,79950251854;0,526792;1,80186791900821e-12;2,505738;1;2;79;2;"SMJYB02_20220410_014402.wav";2022-04-10 02:04:02
1;41,8664008087694;0,983067438633697;0,911482851344781;0,896049112030052;7870,40807624551;0,519614;1,80210541774713e-12;2,522711;1;2;79;3;"SMJYB02_20220410_014402.wav";2022-04-10 01:59:02
1;41,8930752888004;0,983072119234057;0,911479206891298;0,896049795556405;7865,65891694959;0,516342;1,80288587062809e-12;2,530374;1;2;79;4;"SMJYB02_20220410_014402.wav";2022-04-10 01:54:02
1;41,8660542867658;0,98307009682768;0,911417657183792;0,895987444498127;7864,64254857151;0,542699;1,80327195443939e-12;2,46976;1;2;79;5;"SMJYB02_20220410_014402.wav";2022-04-10 01:49:02
1;41,92763956883;0,983070572234849;0,911680107449129;0,896245884925144;7871,15388540421;0,512964;1,80071702868504e-12;2,538871;1;2;80;1;"SMJYB02_20220410_021402.wav";2022-04-10 02:39:02
1;41,8713446386591;0,983071485291619;0,911186345115362;0,89576131367;7861,67258480606;0,514454;1,80200602312019e-12;2,53487;1;2;80;2;"SMJYB02_20220410_021402.wav";2022-04-10 02:34:02
1;41,905739340663;0,983050575490915;0,911482048092304;0,896032951926777;7875,15932919392;0,531201;1,80100319539994e-12;2,497038;1;2;80;3;"SMJYB02_20220410_021402.wav";2022-04-10 02:29:02
1;42,0320999085404;0,983072102979252;0,912063273639683;0,896623960467104;7862,8755256763;0,535911;1,80119122237587e-12;2,486712;1;2;80;4;"SMJYB02_20220410_021402.wav";2022-04-10 02:24:02
1;41,9624335395882;0,983080156908836;0,9118129793725;0,89638524683303;7869,09317637606;0,529218;1,80299919288824e-12;2,501889;1;2;80;5;"SMJYB02_20220410_021402.wav";2022-04-10 02:19:02
1;41,9697751827041;0,983049212844422;0,911819599986848;0,896363540023187;7871,83917614486;0,50405;1,80114845374438e-12;2,558685;1;2;81;1;"SMJYB02_20220410_024402.wav";2022-04-10 03:09:02
1;41,9708225975467;0,983064735571105;0,911548042556576;0,896110735416239;7871,71920781513;0,515982;1,80434548277782e-12;2,532301;2;2;81;2;"SMJYB02_20220410_024402.wav";2022-04-10 03:04:02
1;41,8722821049734;0,983076134654853;0,911185644660993;0,89576486150632;7874,68786924051;0,527597;1,80475255603311e-12;2,506486;1;2;81;3;"SMJYB02_20220410_024402.wav";2022-04-10 02:59:02
1;42,0736265997518;0,983063942039756;0,91209944629849;0,896652077210472;7873,13589805324;0,515053;1,80411213342138e-12;2,535646;1;2;81;4;"SMJYB02_20220410_024402.wav";2022-04-10 02:54:02
1;41,9916725015601;0,98306237535748;0,911596597580552;0,896156316585334;7869,64054161234;0,525039;1,80464230640299e-12;2,513341;1;2;81;5;"SMJYB02_20220410_024402.wav";2022-04-10 02:49:02
1;41,9728570638657;0,983062819415861;0,911333231969866;0,895897816447666;7874,4393807497;0,53293;1,80422530503881e-12;2,495858;1;2;82;1;"SMJYB02_20220410_031402.wav";2022-04-10 03:39:02
1;41,9009957010028;0,983054045193362;0,911031122531447;0,895592830301588;7876,21539528841;0,536385;1,80247964248681e-12;2,489341;1;2;82;2;"SMJYB02_20220410_031402.wav";2022-04-10 03:34:02
1;42,0074569169048;0,983061366362112;0,911830200495497;0,896385042789342;7878,37183034897;0,539698;1,80480646600746e-12;2,481593;1;2;82;3;"SMJYB02_20220410_031402.wav";2022-04-10 03:29:02
1;42,0228362517676;0,983070008309771;0,911809483596819;0,896372556616452;7872,32379218875;0,531538;1,80444530841457e-12;2,500331;1;2;82;4;"SMJYB02_20220410_031402.wav";2022-04-10 03:24:02
1;42,0264404687207;0,983067860830761;0,911901372601184;0,896460931651681;7875,57737602509;0,535279;1,80470793949749e-12;2,492676;1;2;82;5;"SMJYB02_20220410_031402.wav";2022-04-10 03:19:02
1;41,9648546101799;0,983045533226204;0,911942295845008;0,896480800490485;7874,98075505151;0,539835;1,80514070482122e-12;2,482597;1;2;83;1;"SMJYB02_20220410_034402.wav";2022-04-10 04:09:02
1;41,9602917038529;0,983054630482852;0,911937883650816;0,896484759235667;7880,24719100118;0,553912;1,80585154145881e-12;2,449429;1;2;83;2;"SMJYB02_20220410_034402.wav";2022-04-10 04:04:02
1;41,969925257328;0,983071303503565;0,911719876494523;0,89628564741558;7878,04606259656;0,549428;1,80623591414719e-12;2,461223;1;2;83;3;"SMJYB02_20220410_034402.wav";2022-04-10 03:59:02
1;41,9273067503356;0,983054860877196;0,91179079741325;0,896340375500191;7876,13565900206;0,539422;1,80741742278546e-12;2,484918;1;2;83;4;"SMJYB02_20220410_034402.wav";2022-04-10 03:54:02
1;41,8397895945232;0,983063214009955;0,911223157915869;0,895789966301075;7882,03391949452;0,552039;1,80706840652512e-12;2,455029;2;2;83;5;"SMJYB02_20220410_034402.wav";2022-04-10 03:49:02
1;41,9440502099811;0,983031747661042;0,91212941818351;0,896652176049986;7887,9695526203;0,54866;1,80481860898571e-12;2,464623;1;2;84;1;"SMJYB02_20220410_041402.wav";2022-04-10 04:39:02
1;41,9767623034537;0,983054958509377;0,912425718381525;0,896964626726438;7886,07481038448;0,556939;1,80767918518288e-12;2,444194;1;2;84;2;"SMJYB02_20220410_041402.wav";2022-04-10 04:34:02
1;42,0267316457596;0,983062415967382;0,912580475664609;0,897123567171513;7885,7321618581;0,554698;1,80669823998457e-12;2,450718;1;2;84;3;"SMJYB02_20220410_041402.wav";2022-04-10 04:29:02
1;41,8321776909763;0,98304979439165;0,911631749804323;0,89617940420604;7883,08093445112;0,564224;1,80592745127665e-12;2,427009;2;2;84;4;"SMJYB02_20220410_041402.wav";2022-04-10 04:24:02
1;41,9205436241447;0,983055325153583;0,911839045666339;0,896388229525256;7883,63451937244;0,558962;1,80803281424837e-12;2,439453;1;2;84;5;"SMJYB02_20220410_041402.wav";2022-04-10 04:19:02
1;41,8464872110102;0,98308438785483;0,911375972090121;0,895959489627817;7877,87750458293;0,53445;1,80776138699187e-12;2,498845;2;2;85;1;"SMJYB02_20220410_044402.wav";2022-04-10 05:09:02
1;41,8291183770857;0,983067543358714;0,911669999894653;0,896233187150275;7878,38078254277;0,545518;1,80642437216409e-12;2,473678;2;2;85;2;"SMJYB02_20220410_044402.wav";2022-04-10 05:04:02
1;41,8860643324732;0,983047331794978;0,911997221717926;0,89653643541424;7882,20297826522;0,545959;1,80764482737082e-12;2,472167;2;2;85;3;"SMJYB02_20220410_044402.wav";2022-04-10 04:59:02
1;41,9153145388301;0,983069067995136;0,912255666830158;0,896810328164005;7879,03104084461;0,539605;1,80691825181575e-12;2,486907;2;2;85;4;"SMJYB02_20220410_044402.wav";2022-04-10 04:54:02
1;41,854541858552;0,983049699411535;0,911044422241235;0,895601945434801;7883,30619519839;0,547504;1,80534595018733e-12;2,467632;2;2;85;5;"SMJYB02_20220410_044402.wav";2022-04-10 04:49:02
1;41,9217054000399;0,983078640742948;0,911696390957146;0,896269248792402;7881,51955805704;0,533459;1,8072896636329e-12;2,497724;2;2;86;1;"SMJYB02_20220410_051402.wav";2022-04-10 05:39:02
1;42,0737364549203;0,983074184824831;0,911924906467147;0,896489834046651;7877,47568882453;0,534583;1,80596702494647e-12;2,492738;1;2;86;2;"SMJYB02_20220410_051402.wav";2022-04-10 05:34:02
1;42,115219326809;0,983059280132569;0,912232190933097;0,896778320932446;7867,94550914644;0,506792;1,80174294940487e-12;2,552894;1;2;86;3;"SMJYB02_20220410_051402.wav";2022-04-10 05:29:02
1;42,0552683914462;0,983052695507822;0,912829992694917;0,897359984859123;7869,61184090794;0,564349;1,80096162731907e-12;2,421507;1;2;86;4;"SMJYB02_20220410_051402.wav";2022-04-10 05:24:02
1;41,9322620523794;0,983069920219344;0,913293237871385;0,897831110491089;7877,08531579825;0,514451;1,80115581417136e-12;2,532163;1;2;86;5;"SMJYB02_20220410_051402.wav";2022-04-10 05:19:02
1;41,9799486199055;0,983003119210644;0,914400110551706;0,898858160878884;7873,90215353458;0,57971;1,79531110293222e-12;2,39069;0;2;87;1;"SMJYB02_20220410_054402.wav";2022-04-10 06:09:02
1;41,7061189743381;0,98303559203536;0,913099312808135;0,897609123553426;7865,73231376649;0,561903;1,7963833276158e-12;2,426979;0;2;87;2;"SMJYB02_20220410_054402.wav";2022-04-10 06:04:02
1;41,8587319631607;0,983049318960853;0,913480139377499;0,897996028899316;7870,94426443912;0,5381;1,79959796777988e-12;2,479136;0;2;87;3;"SMJYB02_20220410_054402.wav";2022-04-10 05:59:02
1;41,8053239243433;0,983071108456887;0,913638012886645;0,898171134056821;7867,27527031515;0,523598;1,79846767303361e-12;2,511483;0;2;87;4;"SMJYB02_20220410_054402.wav";2022-04-10 05:54:02
1;41,7169289533411;0,983064337420764;0,913052241864673;0,897589097179239;7871,16099351599;0,498201;1,79779394501969e-12;2,568844;0;2;87;5;"SMJYB02_20220410_054402.wav";2022-04-10 05:49:02
1;42,0760937202051;0,983057123986437;0,913223802212621;0,897751164559098;7876,85457067752;0,561247;1,79815055834566e-12;2,429558;0;2;88;1;"SMJYB02_20220410_061402.wav";2022-04-10 06:39:02
1;41,8724167822471;0,983047400523992;0,913320902826422;0,897837739367739;7877,08133003316;0,510293;1,80023853278378e-12;2,541934;0;2;88;2;"SMJYB02_20220410_061402.wav";2022-04-10 06:34:02
1;42,0805353766973;0,983017655387771;0,913219797718798;0,897711184407227;7867,85808086303;0,576081;1,79924395307793e-12;2,398896;2;2;88;3;"SMJYB02_20220410_061402.wav";2022-04-10 06:29:02
1;41,8500963604132;0,983041111615111;0,913064525014357;0,897579965646437;7869,07206616625;0,551493;1,79845261959107e-12;2,450063;0;2;88;4;"SMJYB02_20220410_061402.wav";2022-04-10 06:24:02
1;41,6910144980417;0,98305793145547;0,912995395264535;0,897527364697123;7864,78070258789;0,525262;1,79916130566687e-12;2,507783;0;2;88;5;"SMJYB02_20220410_061402.wav";2022-04-10 06:19:02
1;41,7948381493405;0,98307241108211;0,913720823882077;0,898253733389685;7870,05357312791;0,507368;1,79939473654636e-12;2,548215;0;2;89;1;"SMJYB02_20220410_064402.wav";2022-04-10 07:09:02
1;42,0071254374773;0,983070588543616;0,913907368671438;0,898435454794177;7877,14594119152;0,500044;1,79829444559323e-12;2,564877;0;2;89;2;"SMJYB02_20220410_064402.wav";2022-04-10 07:04:02
1;47,0968361773937;0,980525035317111;0,930482781850589;0,912361662536013;7947,48596527508;0,550236;1,71311546000416e-12;2,499231;0;2;89;3;"SMJYB02_20220410_064402.wav";2022-04-10 06:59:02
1;22,3396948471148;0,980829062100023;0,89484827433611;0,877693193638911;11289,3874554435;0,351912;1,70909629339465e-12;2,931546;0;2;89;4;"SMJYB02_20220410_064402.wav";2022-04-10 06:54:02
1;25,0332913114715;0,981018643584984;0,914137308878769;0,896785742806678;10766,5938357746;0,371883;1,72390608008924e-12;2,869184;0;2;89;5;"SMJYB02_20220410_064402.wav";2022-04-10 06:49:02
1;28,3644147339835;0,9804596792729;0,912349008619717;0,894521416376236;9564,81218891373;0,521638;1,69614182060916e-12;2,565554;0;2;90;1;"SMJYB02_20220410_071402.wav";2022-04-10 07:39:02
1;28,3970215648484;0,979229306056182;0,921550426168759;0,902409184313013;9674,04424545202;0,502706;1,6626183265854e-12;2,609202;5;2;90;2;"SMJYB02_20220410_071402.wav";2022-04-10 07:34:02
1;26,9354067325161;0,980864651586992;0,900515407183766;0,883283731116023;9190,90089981459;0,492719;1,74635488117965e-12;2,6147;0;2;90;3;"SMJYB02_20220410_071402.wav";2022-04-10 07:29:02
1;30,6504224027513;0,981338607482005;0,90788112900767;0,890938802899578;8890,85214865496;0,500733;1,76031603348808e-12;2,593198;0;2;90;4;"SMJYB02_20220410_071402.wav";2022-04-10 07:24:02
1;27,4465242806493;0,98166566513949;0,912746646228894;0,896012043574127;8924,34285001027;0,531056;1,76798746192571e-12;2,525264;1;2;90;5;"SMJYB02_20220410_071402.wav";2022-04-10 07:19:02
0,388124444444444;10,5031415766464;0,948409039823677;0,919328589199264;0,87189954456493;11859,94491096;0,681853;8,49336831112851e-13;2,147638;23;2;91;1;"SMJYB02_20220410_074402.wav";2022-04-10 08:09:02
0,402453333333333;12,0973770407705;0,957576895885611;0,934820678398726;0,895162683430733;13099,2152464137;0,662606;1,08233904006802e-12;2,262366;19;2;91;2;"SMJYB02_20220410_074402.wav";2022-04-10 08:04:02
0,199822222222222;11,1636295533977;0,950344487182616;0,928698831715065;0,882583814973348;10261,5246245298;0,699763;9,53586007572909e-13;2,008952;26;2;91;3;"SMJYB02_20220410_074402.wav";2022-04-10 07:59:02
0,410062222222222;11,3811135081173;0,953778581287172;0,928145390165946;0,885245193460705;13161,4751187618;0,677557;1,03358153581171e-12;2,190948;21;2;91;4;"SMJYB02_20220410_074402.wav";2022-04-10 07:54:02
0,334684444444444;11,1753238301379;0,946309047093162;0,937166651828152;0,886849281258987;12270,8232641271;0,562833;8,34927946649445e-13;2,540595;35;2;91;5;"SMJYB02_20220410_074402.wav";2022-04-10 07:49:02
